RK,PLAYER,TEAM,GP,GS,IP,H,R,ER,BB,SO,W,L,SV,BLSV,WAR,WHIP,ERA
1,Kendrys Morales,TOR,1,0,1.0,0,0,0,1,0,0,0,0,0,0.0,1.00,0.00
 ,Mark Reynolds,WSH,1,0,0.1,0,0,0,0,0,0,0,0,0,0.0,0.00,0.00
 ,Pablo Sandoval,SF,1,0,1.0,0,0,0,0,0,0,0,0,0,0.0,0.00,0.00
 ,Danny Valencia,BAL,1,0,0.1,0,0,0,0,1,0,0,0,0,0.0,0.00,0.00
 ,Alex Avila,ARI,1,0,2.0,1,0,0,0,0,0,0,0,0,0.1,0.50,0.00
 ,Chase d'Arnaud,SF,1,0,1.0,1,0,0,0,0,0,0,0,0,0.0,1.00,0.00
 ,Brandon Guyer,CLE,1,0,1.0,0,0,0,0,0,0,0,0,0,0.0,0.00,0.00
 ,Anthony Rizzo,CHC,1,0,0.1,0,0,0,0,0,0,0,0,0,0.0,0.00,0.00
 ,Rex Brothers,ATL,1,0,0.0,0,1,1,2,0,0,0,0,0,0.0,0.00,0.00
 ,Matt Davidson,CHW,3,0,3.0,1,0,0,1,2,0,0,0,0,0.1,0.67,0.00
 ,Ian Krol,LAA,1,0,2.0,1,0,0,1,2,0,0,0,0,0.1,1.00,0.00
 ,Greg Garcia,STL,1,0,1.0,1,0,0,0,0,0,0,0,0,0.0,1.00,0.00
 ,Aaron Brooks,OAK,3,0,2.2,1,0,0,2,1,0,0,0,0,0.1,1.13,0.00
 ,Daniel Robertson,TB,1,0,1.0,0,0,0,0,0,0,0,0,0,0.0,0.00,0.00
 ,Alex Reyes,STL,1,1,4.0,3,0,0,2,2,0,0,0,0,0.3,1.25,0.00
 ,Carlos Tocci,TEX,1,0,0.2,0,0,0,0,0,0,0,0,0,0.0,0.00,0.00
 ,Julio Urias,LAD,3,0,4.0,1,0,0,0,7,0,0,0,0,0.1,0.25,0.00
 ,Phillip Ervin,CIN,1,0,0.1,0,0,0,0,0,0,0,0,0,0.0,0.00,0.00
 ,James Hoyt,HOU,1,0,0.1,1,0,0,1,0,0,0,0,0,0.0,6.00,0.00
 ,Johnny Field,MIN/TB,1,0,1.0,0,0,0,1,0,0,0,0,0,0.0,1.00,0.00
 ,Ryan Rua,TEX,1,0,1.0,0,0,0,0,1,0,0,0,0,0.0,0.00,0.00
 ,Mitch Garver,MIN,1,0,1.0,1,0,0,0,0,0,0,0,0,0.0,1.00,0.00
 ,Alec Asher,MIL,2,0,3.0,2,0,0,1,2,0,0,0,0,0.1,1.00,0.00
 ,Alex Blandino,CIN,1,0,1.0,1,0,0,0,2,0,0,0,0,0.0,1.00,0.00
 ,Scott Copeland,NYM,1,0,1.1,1,0,0,0,2,0,0,0,0,0.1,0.75,0.00
 ,Brandon Dixon,CIN,2,0,1.1,0,0,0,0,1,0,0,0,0,0.1,0.00,0.00
 ,Zack Weiss,CIN,1,0,0.0,2,4,4,2,0,0,0,0,0,0.0,0.00,0.00
 ,Joey Krehbiel,ARI,2,0,3.0,1,0,0,2,0,0,0,0,0,0.1,1.00,0.00
 ,Ian Happ,CHC,1,0,1.0,1,0,0,0,0,0,0,0,0,0.0,1.00,0.00
 ,Osmer Morales,LAA,1,0,0.1,1,0,0,0,0,0,0,0,0,0.1,3.00,0.00
 ,Rob Whalen,SEA,1,0,4.0,1,0,0,1,0,0,0,0,0,0.2,0.50,0.00
 ,Austin Adams,WSH,2,0,1.0,1,0,0,3,0,0,0,0,0,0.1,4.00,0.00
33,J.B. Wendelken,OAK,13,0,16.2,8,1,1,5,14,0,0,0,0,0.6,0.78,0.54
34,Blake Treinen,OAK,68,0,80.1,46,12,7,21,100,9,2,38,5,4.3,0.83,0.78
35,Connor Sadzeck,TEX,13,2,9.1,6,2,1,11,7,0,0,0,0,0.4,1.82,0.96
36,Cory Mazzoni,CHC,8,0,8.2,5,1,1,5,7,1,0,0,0,0.3,1.15,1.04
37,Shawn Armstrong,SEA,14,0,14.2,9,2,2,3,15,0,1,1,0,0.6,0.82,1.23
 ,Steven Okert,SF,10,0,7.1,4,1,1,0,8,0,0,0,0,0.3,0.55,1.23
39,Brad Wieck,SD,5,0,7.0,3,1,1,0,10,0,0,0,0,0.2,0.43,1.29
40,Jeremy Jeffress,MIL,73,0,76.2,49,12,11,27,89,8,1,15,5,3.4,0.99,1.29
41,David Paulino,TOR,7,0,6.2,6,2,1,2,6,1,0,0,0,0.2,1.20,1.35
42,Oliver Perez,CLE,51,0,32.1,17,6,5,7,43,1,1,0,0,1.3,0.74,1.39
43,Justin Hancock,CHC,10,0,12.1,5,2,2,9,11,0,0,0,0,0.4,1.14,1.46
44,Brandon Morrow,CHC,35,0,30.2,24,5,5,9,31,0,0,22,2,1.4,1.08,1.47
45,Jose Leclerc,TEX,59,0,57.2,24,16,10,25,85,2,3,12,4,2.5,0.85,1.56
46,Sean Doolittle,WSH,43,0,45.0,21,8,8,6,60,3,3,25,1,2.5,0.60,1.60
47,Ryan Brasier,BOS,34,0,33.2,19,6,6,7,29,2,0,0,2,1.5,0.77,1.60
48,Vidal Nuno,TB,17,0,33.0,24,7,6,10,29,3,0,0,1,1.0,1.03,1.64
49,Jimmie Sherfy,ARI,15,0,16.1,8,3,3,10,17,0,0,0,0,0.5,1.10,1.65
50,Jacob deGrom,NYM,32,32,217.0,152,48,41,46,269,10,9,0,0,9.6,0.91,1.70
51,Ariel Miranda,SEA,1,1,5.0,6,1,1,4,5,0,0,0,0,0.3,2.00,1.80
52,Yency Almonte,COL,14,0,14.2,15,5,3,4,14,0,0,0,0,0.4,1.30,1.84
53,Tony Sipp,HOU,54,0,38.2,27,8,8,13,42,3,1,0,0,1.3,1.03,1.86
54,Chad Sobotka,ATL,14,0,14.1,5,3,3,9,21,1,0,0,0,0.4,0.98,1.88
55,Blake Snell,TB,31,31,180.2,112,41,38,64,221,21,5,0,0,7.5,0.97,1.89
56,Richard Bleier,BAL,31,0,32.2,36,7,7,4,15,3,0,0,1,1.6,1.22,1.93
57,Jared Hughes,CIN,72,0,78.2,57,17,17,23,59,4,3,7,4,3.3,1.02,1.94
58,Edwin Diaz,SEA,73,0,73.1,41,17,16,17,124,0,4,57,4,3.2,0.79,1.96
59,Hyun-Jin Ryu,LAD,15,15,82.1,68,23,18,15,89,7,3,0,0,2.2,1.01,1.97
60,Collin McHugh,HOU,58,0,72.1,45,18,16,21,94,6,2,0,1,2.0,0.91,1.99
61,T.J. McFarland,ARI,47,0,72.0,64,18,16,22,42,2,2,1,0,1.6,1.19,2.00
62,Clay Buchholz,ARI,16,16,98.1,80,25,22,22,81,7,2,0,0,3.2,1.04,2.01
63,Adalberto Mejia,MIN,5,4,22.1,17,5,5,9,13,2,0,0,0,1.0,1.16,2.01
64,Keynan Middleton,LAA,16,0,17.2,14,4,4,9,16,0,0,6,1,0.7,1.30,2.04
65,Matt Strahm,SD,41,5,61.1,39,16,14,21,69,3,4,0,0,1.4,0.98,2.05
66,Chris Sale,BOS,27,27,158.0,102,39,37,34,237,12,4,0,0,6.9,0.86,2.11
67,Arodys Vizcaino,ATL,39,0,38.1,30,9,9,15,40,2,2,16,2,1.2,1.17,2.11
68,Kirby Yates,SD,65,0,63.0,41,15,15,17,90,5,3,12,1,2.0,0.92,2.14
69,Matt Festa,SEA,8,1,8.1,13,2,2,2,4,0,0,0,0,0.2,1.80,2.16
70,Steve Cishek,CHC,80,0,70.1,45,19,17,28,78,4,3,4,3,2.3,1.04,2.18
71,Framber Valdez,HOU,8,5,37.0,22,10,9,24,34,4,1,0,0,1.1,1.24,2.19
72,Josh Fields,LAD,45,0,41.0,28,10,10,11,33,2,2,2,1,0.9,0.95,2.20
73,Trevor Bauer,CLE,28,27,175.1,134,51,43,57,221,12,6,1,0,5.8,1.09,2.21
74,Daniel Corcino,LAD,2,0,4.0,2,2,1,3,1,0,0,1,0,-0.0,1.25,2.25
 ,Duane Underwood Jr.,CHC,1,1,4.0,2,1,1,3,3,0,1,0,0,0.2,1.25,2.25
 ,Dylan Floro,CIN/LAD,54,0,64.0,57,17,16,23,58,6,3,0,0,1.9,1.25,2.25
 ,Sam Howard,COL,4,0,4.0,5,1,1,3,1,0,0,0,0,0.1,2.00,2.25
78,Pedro Strop,CHC,60,0,59.2,38,15,15,21,57,6,1,13,4,2.1,0.99,2.26
79,Blake Wood,LAA,13,0,11.2,8,3,3,7,10,1,0,0,0,0.3,1.29,2.31
80,Edubray Ramos,PHI,52,0,42.2,34,14,11,15,42,3,1,1,1,1.3,1.15,2.32
81,Josh James,HOU,6,3,23.0,15,6,6,7,29,2,0,0,0,0.7,0.96,2.35
82,Roberto Osuna,TOR/HOU,38,0,38.0,33,10,10,4,32,2,2,21,1,1.4,0.97,2.37
83,Aaron Nola,PHI,33,33,212.1,149,57,56,58,224,17,6,0,0,10.5,0.97,2.37
84,Raisel Iglesias,CIN,66,0,72.0,52,22,19,25,80,2,5,30,4,2.0,1.07,2.38
85,Kyle Crick,PIT,64,0,60.1,45,18,16,23,65,3,2,2,1,1.4,1.13,2.39
86,Jose Alvarado,TB,70,0,64.0,42,21,17,29,80,1,6,8,4,1.6,1.11,2.39
87,Tony Barnette,TEX,22,0,26.1,19,11,7,5,26,2,0,0,0,0.4,0.91,2.39
88,Victor Alcantara,DET,27,0,30.0,25,8,8,6,21,1,1,0,0,0.9,1.03,2.40
89,Xavier Cedeno,CHW/MIL,48,0,33.1,26,10,9,16,34,2,0,1,1,0.9,1.26,2.43
90,Adam Ottavino,COL,75,0,77.2,41,25,21,36,112,6,4,6,5,2.6,0.99,2.43
91,Josh Hader,MIL,55,0,81.1,36,23,22,30,143,6,1,12,5,2.1,0.81,2.43
92,Kelvin Herrera,KC/WSH,48,0,44.1,43,12,12,10,38,2,3,17,2,1.6,1.20,2.44
93,Yoshihisa Hirano,ARI,75,0,66.1,49,22,18,23,59,4,3,3,4,1.3,1.09,2.44
94,Aroldis Chapman,NYY,55,0,51.1,24,15,14,30,93,3,0,32,2,1.7,1.05,2.45
 ,Scott Oberg,COL,56,0,58.2,45,17,16,12,57,8,1,0,4,2.4,0.97,2.45
96,Richard Rodriguez,PIT,63,0,69.1,55,19,19,19,88,4,3,0,0,1.7,1.07,2.47
97,Reyes Moronta,SF,69,0,65.0,34,20,18,37,79,5,2,1,5,1.5,1.09,2.49
98,Robert Stock,SD,32,0,39.2,37,13,11,13,38,1,1,0,1,0.5,1.26,2.50
99,Chad Green,NYY,63,0,75.2,64,22,21,15,94,8,3,0,4,2.3,1.04,2.50
100,Justin Verlander,HOU,34,34,214.0,156,63,60,37,290,16,9,0,0,6.2,0.90,2.52
101,Max Scherzer,WSH,33,33,220.2,150,66,62,51,300,18,7,0,0,8.8,0.91,2.53
102,David Hernandez,CIN,57,0,64.0,46,20,18,17,65,5,2,0,6,1.8,0.98,2.53
103,Ryan Pressly,MIN/HOU,77,0,71.0,57,21,20,22,101,2,1,2,6,2.2,1.11,2.54
104,Will Smith,SF,54,0,53.0,37,18,15,15,71,2,3,14,4,1.0,0.98,2.55
105,Jesse Chavez,TEX/CHC,62,0,95.1,84,28,27,17,92,5,2,5,1,3.2,1.06,2.55
106,Wade Miley,MIL,16,16,80.2,71,28,23,27,50,5,2,0,0,1.5,1.21,2.57
107,Pat Venditte,LAD,15,0,14.0,11,4,4,3,9,0,0,0,0,0.2,1.00,2.57
108,Pat Neshek,PHI,30,0,24.1,23,9,7,5,15,3,2,5,1,0.8,1.15,2.59
109,Tony Watson,SF,72,0,66.0,54,19,19,14,72,4,6,0,4,1.8,1.03,2.59
110,Carl Edwards Jr.,CHC,58,0,52.0,36,17,15,32,67,3,2,0,2,1.3,1.31,2.60
111,Corbin Burnes,MIL,30,0,38.0,27,11,11,11,35,7,0,1,1,0.7,1.00,2.61
112,Dan Altavilla,SEA,22,0,20.2,11,7,6,15,23,3,2,0,1,0.4,1.26,2.61
113,Walker Buehler,LAD,24,23,137.1,95,43,40,37,151,8,5,0,1,3.4,0.96,2.62
114,Taylor Rogers,MIN,72,0,68.1,49,20,20,16,75,1,2,2,2,2.2,0.95,2.63
 ,Seunghwan Oh,TOR/COL,73,0,68.1,52,21,20,17,79,6,3,3,6,2.4,1.01,2.63
 ,Dakota Hudson,STL,26,0,27.1,19,9,8,18,19,4,1,0,0,0.5,1.35,2.63
117,Roenis Elias,SEA,23,4,51.0,46,17,15,16,34,3,1,0,0,1.0,1.22,2.65
118,Seth Lugo,NYM,54,5,101.1,81,36,30,28,103,3,4,3,1,2.2,1.08,2.66
119,Steven Wright,BOS,20,4,53.2,41,17,16,26,42,3,1,1,0,1.7,1.25,2.68
120,Sam Dyson,SF,74,0,70.1,56,23,21,20,56,4,3,3,5,1.3,1.08,2.69
121,Dellin Betances,NYY,66,0,66.2,44,22,20,26,115,4,6,4,3,1.7,1.05,2.70
 ,Rhiner Cruz,TOR,2,0,3.1,3,1,1,2,4,0,0,0,0,0.1,1.50,2.70
 ,Felipe Vazquez,PIT,70,0,70.0,63,24,21,24,89,4,2,37,5,1.5,1.24,2.70
 ,Reymin Guduan,HOU,3,0,3.1,1,1,1,0,4,0,0,0,0,0.1,0.30,2.70
125,Jose Alvarez,LAA,76,0,63.0,51,20,19,22,59,6,4,1,3,1.4,1.16,2.71
126,Daniel Ponce de Leon,STL,11,4,33.0,24,10,10,13,31,0,2,1,0,0.7,1.12,2.73
127,Victor Arano,PHI,60,0,59.1,54,19,18,17,60,1,2,3,2,2.1,1.20,2.73
128,Clayton Kershaw,LAD,26,26,161.1,139,55,49,29,155,9,5,0,0,3.3,1.04,2.73
129,Craig Stammen,SD,73,0,79.0,65,25,24,17,88,8,3,0,5,1.5,1.04,2.73
130,Craig Kimbrel,BOS,63,0,62.1,31,19,19,31,96,5,1,42,5,2.3,0.99,2.74
131,Ryan Buchter,OAK,54,0,39.1,32,17,12,15,41,6,0,0,0,0.4,1.19,2.75
132,Brad Hand,CLE/SD,69,0,72.0,52,28,22,28,106,2,5,32,7,0.8,1.11,2.75
 ,Taylor Cole,LAA,18,2,36.0,20,11,11,12,39,4,2,0,0,0.7,0.89,2.75
134,Adam Liberatore,LAD,17,0,13.0,10,4,4,8,12,2,1,0,1,0.3,1.38,2.77
135,Dereck Rodriguez,SF,21,19,118.1,98,43,37,36,89,6,4,0,0,2.4,1.13,2.81
136,Miles Mikolas,STL,32,32,200.2,186,70,63,29,146,18,4,0,0,4.1,1.07,2.83
137,Anibal Sanchez,ATL,25,24,136.2,106,48,43,42,135,7,6,0,0,3.0,1.08,2.83
138,Kyle Freeland,COL,33,33,202.1,182,64,64,70,173,17,7,0,0,8.4,1.25,2.85
139,Mike Foltynewicz,ATL,31,31,183.0,130,65,58,68,202,13,10,0,0,3.9,1.08,2.85
140,Shane Carle,ATL,53,0,63.0,50,22,20,27,43,4,1,1,1,1.0,1.22,2.86
141,Matt Grace,WSH,56,0,59.2,55,22,19,13,48,1,1,0,0,1.3,1.14,2.87
142,Gerrit Cole,HOU,32,32,200.1,143,68,64,64,276,15,5,0,0,5.3,1.03,2.88
143,Pedro Baez,LAD,55,0,56.1,46,19,18,23,62,4,3,0,1,0.8,1.22,2.88
144,James Pazos,SEA,60,0,50.0,47,19,16,15,45,4,1,0,2,0.8,1.24,2.88
145,Corey Kluber,CLE,33,33,215.0,179,75,69,34,222,20,7,0,0,5.9,0.99,2.89
146,Lou Trivino,OAK,69,1,74.0,53,24,24,31,82,8,3,4,5,1.6,1.14,2.92
147,Anthony Bass,CHC,16,0,15.1,18,6,5,3,14,0,0,0,0,0.2,1.37,2.93
148,Shawn Kelley,OAK/WSH,54,0,49.0,33,16,16,11,50,2,0,0,2,1.1,0.90,2.94
149,Max Fried,ATL,14,5,33.2,26,12,11,20,44,1,4,0,0,0.7,1.37,2.94
 ,Nick Wittgren,MIA,32,0,33.2,29,13,11,15,31,2,1,0,0,0.2,1.31,2.94
151,Erik Goeddel,SEA/LAD,31,0,36.2,26,12,12,20,44,3,0,0,2,0.6,1.25,2.95
152,Seranthony Dominguez,PHI,53,0,58.0,32,19,19,22,74,2,5,16,4,2.4,0.93,2.95
153,Ryne Stanek,TB,59,29,66.1,45,23,22,27,81,2,3,0,0,1.6,1.09,2.98
154,Yusmeiro Petit,OAK,74,0,93.0,76,32,31,18,76,7,3,0,2,1.7,1.01,3.00
 ,Erik Kratz,MIL,3,0,3.0,3,2,1,1,2,0,0,0,0,-0.0,1.33,3.00
 ,Nate Jones,CHW,33,0,30.0,28,14,10,15,32,2,2,5,3,0.3,1.43,3.00
 ,Sean Gilmartin,BAL,12,0,27.0,23,9,9,11,15,1,1,0,0,0.7,1.26,3.00
 ,Yoan Lopez,ARI,10,0,9.0,7,3,3,1,11,0,0,0,0,0.1,0.89,3.00
 ,Stephen Tarpley,NYY,10,0,9.0,6,3,3,6,13,0,0,0,0,0.2,1.33,3.00
 ,Daniel Zamora,NYM,16,0,9.0,6,3,3,3,16,1,0,0,0,0.3,1.00,3.00
161,Kenley Jansen,LAD,69,0,71.2,54,28,24,17,82,1,5,38,4,0.6,0.99,3.01
162,Mike Clevinger,CLE,32,32,200.0,164,71,67,67,207,13,8,0,0,5.2,1.16,3.02
163,Chris Bassitt,OAK,11,7,47.2,40,21,16,19,41,2,3,0,0,0.5,1.24,3.02
164,Ross Stripling,LAD,33,21,122.0,123,42,41,22,136,8,6,0,0,2.4,1.19,3.02
165,Noah Syndergaard,NYM,25,25,154.1,148,55,52,39,155,13,4,0,0,4.0,1.21,3.03
166,Casey Kelly,SF,7,3,23.2,28,10,8,5,16,0,3,0,0,0.3,1.39,3.04
167,Alex Colome,SEA/TB,70,0,68.0,59,26,23,21,72,7,5,12,5,1.1,1.18,3.04
168,Brad Keller,KC,41,20,140.1,133,50,48,50,96,9,6,0,2,3.5,1.30,3.08
169,Zack Britton,BAL/NYY,41,0,40.2,29,16,14,21,34,2,0,7,3,0.7,1.23,3.10
170,Andrew Chafin,ARI,77,0,49.1,41,18,17,25,53,1,6,0,0,0.9,1.34,3.10
171,Carlos Martinez,STL,33,18,118.2,100,48,41,60,117,8,6,5,0,1.5,1.35,3.11
172,Jesse Biddle,ATL,60,0,63.2,50,26,22,31,67,6,1,1,3,0.5,1.27,3.11
173,Michael Lorenzen,CIN,45,3,81.0,78,32,28,34,54,4,2,1,1,1.3,1.38,3.11
174,Trevor Williams,PIT,31,31,170.2,146,64,59,55,126,14,10,0,0,3.8,1.18,3.11
175,Joakim Soria,CHW/MIL,66,0,60.2,53,24,21,16,75,3,4,16,5,0.9,1.14,3.12
 ,Jon Edwards,CLE,9,0,8.2,6,4,3,4,10,0,0,0,0,0.1,1.15,3.12
177,Jeurys Familia,OAK/NYM,70,0,72.0,60,26,25,28,83,8,6,18,6,1.5,1.22,3.13
178,Charlie Morton,HOU,30,30,167.0,130,63,58,64,201,15,3,0,0,3.5,1.16,3.13
179,Adam Warren,NYY/SEA,47,0,51.2,48,18,18,20,52,3,2,0,1,1.1,1.32,3.14
180,Jonathan Holder,NYY,60,1,66.0,53,27,23,19,60,1,3,0,0,1.0,1.09,3.14
181,Patrick Corbin,ARI,33,33,200.0,162,70,70,48,246,11,7,0,0,4.6,1.05,3.15
182,Santiago Casilla,OAK,26,0,31.1,18,11,11,20,22,0,0,1,0,0.5,1.21,3.16
183,Hector Velazquez,BOS,47,8,85.0,97,35,30,26,53,7,2,0,0,1.7,1.45,3.18
 ,Diego Castillo,TB,43,11,56.2,36,21,20,18,65,4,2,0,2,1.2,0.95,3.18
 ,Jesus Reyes,CIN,5,0,5.2,4,4,2,2,2,0,0,0,0,-0.0,1.06,3.18
186,Silvino Bracho,ARI,31,0,31.0,25,12,11,12,34,2,0,0,4,0.4,1.19,3.19
187,Trevor May,MIN,24,1,25.1,21,9,9,5,36,4,1,3,0,0.6,1.03,3.20
 ,John Brebbia,STL,45,0,50.2,43,18,18,16,60,3,3,2,0,0.5,1.16,3.20
189,Michael Wacha,STL,15,15,84.1,68,36,30,36,71,8,2,0,0,0.8,1.23,3.20
190,Hector Rondon,HOU,63,0,59.0,58,22,21,20,67,2,5,15,7,0.9,1.32,3.20
191,Jameson Taillon,PIT,32,32,191.0,179,69,68,46,179,14,10,0,0,4.7,1.18,3.20
192,Zack Greinke,ARI,33,33,207.2,181,77,74,43,199,15,11,0,0,4.2,1.08,3.21
193,Dan Jennings,MIL,72,1,64.1,66,27,23,23,45,4,5,1,2,0.3,1.38,3.22
194,Bobby Poyner,BOS,20,0,22.1,22,8,8,3,24,1,0,0,0,0.6,1.12,3.22
195,Johnny Cueto,SF,9,9,53.0,46,19,19,13,38,3,2,0,0,1.3,1.11,3.23
196,A.J. Minter,ATL,65,0,61.1,57,23,22,22,69,4,3,15,2,0.8,1.29,3.23
197,David Robertson,NYY,69,0,69.2,46,30,25,26,91,8,3,5,4,1.0,1.03,3.23
198,Mark Melancon,SF,41,0,39.0,48,18,14,14,31,1,4,3,4,0.1,1.59,3.23
199,Justin Shafer,TOR,6,0,8.1,6,4,3,7,2,0,0,0,0,0.1,1.56,3.24
 ,Carlos Ramirez,OAK/TOR,5,0,8.1,3,3,3,9,5,0,0,0,0,0.1,1.44,3.24
201,Kevin McCarthy,KC,65,0,72.0,70,28,26,20,46,5,4,0,4,1.1,1.25,3.25
202,Blake Parker,LAA,67,0,66.1,63,24,24,19,70,2,1,14,3,1.0,1.24,3.26
 ,Edgar Santana,PIT,69,0,66.1,61,25,24,12,54,3,4,0,7,1.1,1.10,3.26
204,Madison Bumgarner,SF,21,21,129.2,118,51,47,43,109,6,7,0,0,2.4,1.24,3.26
205,Brandon Workman,BOS,43,0,41.1,34,15,15,16,37,6,1,0,0,0.9,1.21,3.27
206,Juan Minaya,CHW,52,0,46.2,39,19,17,29,58,2,2,1,3,0.9,1.46,3.28
207,Tim Mayza,TOR,37,0,35.2,33,13,13,14,40,2,0,0,0,0.8,1.32,3.28
208,Jose Castillo,SD,37,0,38.1,23,14,14,12,52,3,3,0,1,0.5,0.91,3.29
209,Keone Kela,TEX/PIT,54,0,52.0,38,19,19,19,66,3,4,24,2,1.4,1.10,3.29
210,Adrian Houser,MIL,7,0,13.2,13,5,5,7,8,0,0,0,0,0.1,1.46,3.29
211,Koda Glover,WSH,21,0,16.1,13,6,6,10,9,1,3,1,0,0.4,1.41,3.31
 ,Ty Buttrey,LAA,16,0,16.1,15,7,6,5,20,0,1,4,2,0.1,1.22,3.31
213,Zack Wheeler,NYM,29,29,182.1,150,69,67,55,179,12,7,0,0,3.9,1.12,3.31
214,Shohei Ohtani,LAA,10,10,51.2,38,19,19,22,63,4,2,0,0,1.2,1.16,3.31
215,Jon Lester,CHC,32,32,181.2,174,75,67,64,149,18,6,0,0,3.4,1.31,3.32
216,Edwin Jackson,OAK,17,17,92.0,75,37,34,37,68,6,3,0,0,1.6,1.22,3.33
217,Jacob Barnes,MIL,49,0,48.2,51,24,18,23,47,0,1,2,2,-0.2,1.52,3.33
218,Jack Flaherty,STL,28,28,151.0,108,59,56,59,182,8,9,0,0,2.6,1.11,3.34
219,JT Chargois,LAD,39,0,32.1,26,13,12,15,40,2,4,0,4,0.3,1.27,3.34
220,Paul Fry,BAL,35,0,37.2,33,20,14,15,36,1,2,2,2,0.3,1.27,3.35
221,Alex Wilson,DET,59,0,61.2,50,24,23,15,43,2,4,0,4,1.2,1.05,3.36
222,Fernando Rodney,MIN/OAK,68,0,64.1,62,27,24,32,70,4,3,25,7,1.0,1.46,3.36
223,Jorge De La Rosa,CHC/ARI,59,0,56.0,51,25,21,27,47,0,2,1,1,0.3,1.39,3.38
 ,Carlos Carrasco,CLE,32,30,192.0,173,78,72,43,231,17,10,0,0,3.9,1.13,3.38
 ,Jeffrey Springs,TEX,18,2,32.0,32,14,12,14,31,1,1,0,1,0.6,1.44,3.38
226,Luis Severino,NYY,32,32,191.1,173,76,72,46,220,19,8,0,0,4.8,1.14,3.39
227,Sam Tuivailala,SEA/STL,36,0,37.0,41,15,14,12,30,4,3,0,0,0.3,1.43,3.41
228,Jaime Barria,LAA,26,26,129.1,117,50,49,47,98,10,9,0,0,2.6,1.27,3.41
229,Adam Cimber,CLE/SD,70,0,68.1,68,28,26,17,58,3,8,0,1,0.7,1.24,3.42
230,Dan Winkler,ATL,69,0,60.1,52,27,23,20,69,4,0,2,3,0.2,1.19,3.43
231,Kyle Hendricks,CHC,33,33,199.0,184,82,76,44,161,14,11,0,0,3.5,1.15,3.44
232,Sandy Alcantara,MIA,6,6,34.0,25,13,13,23,30,2,3,0,0,0.5,1.41,3.44
233,Jeremy Hellickson,WSH,19,19,91.1,78,41,35,20,65,5,3,0,0,1.7,1.07,3.45
234,Justin Wilson,CHC,71,0,54.2,45,22,21,33,69,4,5,0,3,0.7,1.43,3.46
235,Brad Peacock,HOU,61,1,65.0,56,26,25,20,96,3,5,3,3,0.8,1.17,3.46
 ,Taijuan Walker,ARI,3,3,13.0,15,5,5,5,9,0,0,0,0,0.3,1.54,3.46
237,John Gant,STL,26,19,114.0,91,54,44,57,95,7,6,0,0,0.7,1.30,3.47
238,Caleb Ferguson,LAD,29,3,49.0,43,21,19,12,59,7,2,2,1,0.3,1.12,3.49
239,Will Harris,HOU,61,0,56.2,48,22,22,14,64,5,3,0,3,0.7,1.09,3.49
240,Jhoulys Chacin,MIL,35,35,192.2,153,83,75,71,156,15,8,0,0,2.0,1.16,3.50
241,Louis Coleman,DET,51,0,51.1,43,21,20,24,41,4,1,0,3,0.9,1.31,3.51
 ,Mike Soroka,ATL,5,5,25.2,30,14,10,7,21,2,1,0,0,-0.0,1.44,3.51
243,Yonny Chirinos,TB,18,7,89.2,84,40,35,25,75,5,5,0,0,0.9,1.22,3.51
244,Drew Smith,NYM,27,0,28.0,34,11,11,6,18,1,1,0,2,0.5,1.43,3.54
245,Mike Fiers,DET/OAK,31,30,172.0,166,71,68,37,139,12,8,0,0,3.7,1.18,3.56
 ,Blaine Hardy,DET,30,13,86.0,79,37,34,22,66,4,5,1,0,1.8,1.17,3.56
247,Chase De Jong,MIN,4,4,17.2,18,9,7,6,13,1,1,0,0,0.2,1.36,3.57
248,Derek Holland,SF,36,30,171.1,154,74,68,67,169,7,9,0,0,2.1,1.29,3.57
249,Chaz Roe,TB,61,0,50.1,35,21,20,16,53,1,3,1,1,0.6,1.01,3.58
250,Corey Knebel,MIL,57,0,55.1,38,23,22,22,88,4,3,16,3,0.3,1.08,3.58
251,David Price,BOS,30,30,176.0,151,75,70,50,177,16,7,0,0,4.4,1.14,3.58
252,Sean Manaea,OAK,27,27,160.2,141,67,64,32,108,12,9,0,0,2.8,1.08,3.59
253,Wander Suero,WSH,40,0,47.2,43,20,19,15,47,4,1,0,0,0.8,1.22,3.59
254,Bud Norris,STL,64,0,57.2,51,27,23,21,67,3,6,28,5,-0.0,1.25,3.59
255,Brad Brach,BAL/ATL,69,0,62.2,72,32,25,28,60,2,4,12,4,0.3,1.60,3.59
256,Jordan Hicks,STL,73,0,77.2,59,33,31,45,70,3,4,6,7,0.3,1.34,3.59
257,Darren O'Day,BAL,20,0,20.0,18,9,8,4,27,0,2,2,2,0.4,1.10,3.60
 ,Scott Barlow,KC,6,0,15.0,16,7,6,3,15,1,1,0,0,0.1,1.27,3.60
 ,Nick Gardewine,TEX,3,0,5.0,7,2,2,0,4,0,0,0,0,0.1,1.40,3.60
260,Justin Miller,WSH,51,0,52.1,42,22,21,17,60,7,1,2,1,0.9,1.13,3.61
261,Brandon Woodruff,MIL,19,4,42.1,36,18,17,14,47,3,0,1,0,0.3,1.18,3.61
262,Kyle Gibson,MIN,32,32,196.2,177,88,79,79,179,10,13,0,0,3.8,1.30,3.62
263,Ryan Tepera,TOR,68,0,64.2,55,27,26,24,68,5,5,7,8,1.3,1.22,3.62
264,Jordan Montgomery,NYY,6,6,27.1,25,11,11,12,23,2,0,0,0,0.6,1.35,3.62
265,Archie Bradley,ARI,76,0,71.2,62,30,29,20,75,4,5,3,8,0.5,1.14,3.64
266,CC Sabathia,NYY,29,29,153.0,150,72,62,51,140,9,7,0,0,2.3,1.31,3.65
267,J.A. Happ,NYY/TOR,31,31,177.2,150,81,72,51,193,17,6,0,0,3.3,1.13,3.65
268,Matt Barnes,BOS,62,0,61.2,47,25,25,31,96,6,4,0,3,1.1,1.26,3.65
269,Garrett Richards,LAA,16,16,76.1,64,43,31,34,87,5,4,0,0,0.1,1.28,3.66
270,Rich Hill,LAD,25,24,132.2,108,57,54,41,150,11,5,0,0,1.5,1.12,3.66
271,Randy Rosario,CHC,44,0,46.2,47,22,19,22,30,4,0,1,1,0.2,1.48,3.66
272,Tyler Clippard,TOR,73,1,68.2,57,29,28,23,85,4,3,7,6,1.3,1.17,3.67
 ,Jonny Venters,ATL/TB,50,1,34.1,26,15,14,16,27,5,2,3,1,0.3,1.22,3.67
 ,Wily Peralta,KC,37,0,34.1,28,14,14,23,35,1,0,14,0,0.4,1.49,3.67
275,Alex Wood,LAD,33,27,151.2,143,70,62,40,135,9,7,0,0,1.3,1.21,3.68
276,Scott Alexander,LAD,73,1,66.0,57,28,27,27,56,2,1,3,3,0.3,1.27,3.68
 ,Marcus Walden,BOS,8,0,14.2,14,7,6,3,14,0,0,1,0,0.1,1.16,3.68
 ,Kohl Stewart,MIN,8,4,36.2,34,16,15,18,24,2,1,0,0,0.6,1.42,3.68
 ,Anthony Banda,TB,3,1,14.2,12,6,6,3,10,1,0,0,0,0.1,1.02,3.68
280,Chasen Bradford,SEA,46,0,53.2,55,23,22,14,38,5,0,0,0,0.6,1.29,3.69
281,Hansel Robles,LAA/NYM,53,0,56.0,53,26,23,25,59,2,3,2,1,0.3,1.39,3.70
282,Wade LeBlanc,SEA,32,27,162.0,151,74,67,40,130,9,5,0,0,2.3,1.18,3.72
283,Hunter Wood,TB,29,8,41.0,42,17,17,18,42,1,1,0,0,0.4,1.46,3.73
284,Dallas Keuchel,HOU,34,34,204.2,211,92,85,58,153,12,11,0,0,2.6,1.31,3.74
285,Stephen Strasburg,WSH,22,22,130.0,118,59,54,38,156,10,7,0,0,2.6,1.20,3.74
286,Joe Smith,HOU,56,0,45.2,34,20,19,12,46,5,1,0,2,0.4,1.01,3.74
287,Masahiro Tanaka,NYY,27,27,156.0,141,68,65,35,159,12,6,0,0,2.9,1.13,3.75
288,James Paxton,SEA,28,28,160.1,134,67,67,42,208,11,6,0,0,2.9,1.10,3.76
289,Trevor Cahill,OAK,21,20,110.0,90,52,46,41,100,7,4,0,0,1.3,1.19,3.76
290,German Marquez,COL,33,33,196.0,179,90,82,57,230,14,11,0,0,4.7,1.20,3.77
291,Cory Gearrin,OAK/TEX/SF,62,0,57.1,56,24,24,21,53,2,1,1,2,0.8,1.34,3.77
 ,Carson Smith,BOS,18,0,14.1,14,6,6,6,18,1,1,0,1,0.3,1.40,3.77
293,Luis Avilan,CHW/PHI,70,0,45.1,44,22,19,18,51,2,1,2,3,0.5,1.37,3.77
294,Cole Hamels,TEX/CHC,32,32,190.2,176,93,80,65,188,9,12,0,0,3.8,1.26,3.78
295,Trey Wingenter,SD,22,0,19.0,13,8,8,11,27,0,0,0,2,0.1,1.26,3.79
296,Tommy Hunter,PHI,65,0,64.0,65,28,27,15,51,5,4,4,2,1.5,1.25,3.80
 ,Cam Bedrosian,LAA,71,0,64.0,63,30,27,26,57,5,4,1,7,0.3,1.39,3.80
298,Kenta Maeda,LAD,39,20,125.1,115,58,53,43,153,8,10,2,0,0.6,1.26,3.81
299,Nathan Eovaldi,BOS/TB,22,21,111.0,105,55,47,20,101,6,7,0,0,1.5,1.13,3.81
300,Matt Magill,MIN,40,0,56.2,58,24,24,23,56,3,3,0,1,0.8,1.43,3.81
301,Eduardo Rodriguez,BOS,27,23,129.2,119,56,55,45,146,13,5,0,0,3.0,1.26,3.82
302,Adam Morgan,PHI,67,0,49.1,49,25,21,22,50,0,2,1,3,0.7,1.44,3.83
303,Jim Johnson,LAA,62,1,63.1,64,38,27,22,45,5,3,2,3,-0.6,1.36,3.84
304,Jose Berrios,MIN,32,32,192.1,159,83,82,61,202,12,11,0,0,3.9,1.14,3.84
305,Lance McCullers Jr.,HOU,25,22,128.1,100,60,55,50,142,10,6,0,0,1.5,1.17,3.86
306,Ryan Borucki,TOR,17,17,97.2,96,48,42,33,67,4,6,0,0,1.7,1.32,3.87
307,Frankie Montas,OAK,13,11,65.0,74,34,28,21,43,5,4,0,0,0.3,1.46,3.88
308,Sean Newcomb,ATL,31,30,164.0,137,74,71,81,160,12,9,0,0,1.7,1.33,3.90
309,Drew Steckenrider,MIA,71,0,64.2,55,29,28,27,74,4,4,5,5,-0.0,1.27,3.90
310,Brad Ziegler,MIA/ARI,82,0,73.2,71,34,32,25,50,2,6,10,2,-0.2,1.30,3.91
 ,Ryan Yarbrough,TB,38,6,147.1,140,70,64,50,128,16,6,0,0,0.9,1.29,3.91
312,Reynaldo Lopez,CHW,32,32,188.2,165,88,82,75,151,7,10,0,0,3.1,1.27,3.91
313,Kevin Gausman,BAL/ATL,31,31,183.2,189,85,80,50,148,10,11,0,0,3.2,1.30,3.92
314,Robbie Ray,ARI,24,24,123.2,97,55,54,70,165,6,2,0,0,1.4,1.35,3.93
315,Chase Anderson,MIL,30,30,158.0,131,71,69,57,128,9,8,0,0,1.2,1.19,3.93
 ,Chasen Shreve,NYY/STL,60,0,52.2,53,28,23,27,62,3,4,1,0,0.2,1.52,3.93
317,Adam Kolarek,TB,31,0,34.1,38,15,15,5,19,1,0,2,3,0.3,1.25,3.93
318,Julio Teheran,ATL,31,31,175.2,122,80,77,84,162,9,9,0,0,1.8,1.17,3.94
319,Jake Arrieta,PHI,31,31,172.2,165,93,76,57,138,10,11,0,0,3.0,1.29,3.96
 ,Miguel Castro,BAL,63,1,86.1,75,41,38,50,57,2,7,0,2,1.3,1.45,3.96
321,Hunter Strickland,SF,49,0,45.1,43,25,20,21,37,3,5,14,4,-0.4,1.41,3.97
 ,Giovanny Gallegos,NYY/STL,6,0,11.1,11,5,5,3,12,0,0,1,0,0.1,1.24,3.97
 ,Cionel Perez,HOU,8,0,11.1,6,5,5,7,12,0,0,0,0,0.1,1.15,3.97
324,Steven Matz,NYM,30,30,154.0,134,77,68,58,152,5,11,0,0,1.5,1.25,3.97
325,Cody Reed,CIN,17,7,43.0,45,21,19,15,42,1,3,0,0,0.5,1.40,3.98
326,Jose Urena,MIA,31,31,174.0,155,78,77,51,130,9,12,0,0,1.2,1.18,3.98
327,Mychal Givens,BAL,69,0,76.2,61,37,34,30,79,0,7,9,4,1.0,1.19,3.99
328,Mike Montgomery,CHC,38,19,124.0,131,58,55,39,86,5,6,0,0,1.3,1.37,3.99
329,Nick Vincent,SEA,62,1,56.1,50,28,25,15,56,4,4,0,2,0.3,1.15,3.99
330,Marco Gonzales,SEA,29,29,166.2,172,76,74,32,145,13,9,0,0,2.5,1.22,4.00
331,Alec Mills,CHC,7,2,18.0,11,8,8,7,23,0,1,0,0,0.3,1.00,4.00
332,Tyler Skaggs,LAA,24,24,125.1,127,60,56,40,129,8,10,0,0,1.3,1.33,4.02
333,Jose Quintana,CHC,32,32,174.1,162,81,78,68,158,13,11,0,0,2.2,1.32,4.03
334,Touki Toussaint,ATL,7,5,29.0,18,13,13,21,32,2,1,0,0,0.4,1.34,4.03
335,Brian Flynn,KC,48,0,75.2,87,37,34,35,47,3,5,1,1,0.4,1.61,4.04
336,Daniel Mengden,OAK,22,17,115.2,103,58,52,26,72,7,6,0,0,0.8,1.12,4.05
337,Ricardo Rodriguez,TEX,4,0,6.2,11,3,3,1,3,0,0,0,0,0.1,1.80,4.05
338,Joe Musgrove,PIT,19,19,115.1,113,56,52,23,100,6,9,0,0,1.1,1.18,4.06
339,Justin Anderson,LAA,57,0,55.1,42,25,25,40,67,3,3,4,2,0.4,1.48,4.07
340,Joey Lucchesi,SD,26,26,130.0,125,63,59,43,145,8,9,0,0,0.5,1.29,4.08
341,Junior Guerra,MIL,31,26,141.0,143,74,64,55,136,6,9,0,0,0.0,1.40,4.09
342,Adam Conley,MIA,52,0,50.2,37,25,23,18,50,3,4,3,3,-0.3,1.09,4.09
343,James Norwood,CHC,11,0,11.0,14,7,5,5,10,0,1,0,0,-0.1,1.73,4.09
344,Jordan Lyles,MIL/SD,35,8,87.2,83,42,40,28,84,3,4,0,0,0.3,1.27,4.11
345,Daniel Hudson,LAD,40,1,46.0,38,25,21,18,44,3,2,0,1,-0.4,1.22,4.11
346,Dan Straily,MIA,23,23,122.1,107,62,56,52,99,5,6,0,0,0.3,1.30,4.12
347,Liam Hendriks,OAK,25,8,24.0,25,11,11,10,22,0,1,0,0,0.2,1.46,4.13
348,Wade Davis,COL,69,0,65.1,43,31,30,26,78,3,6,43,6,1.1,1.06,4.13
349,Pablo Lopez,MIA,10,10,58.2,56,28,27,18,46,2,4,0,0,0.4,1.26,4.14
350,Sergio Romo,TB,73,5,67.1,65,31,31,20,75,3,4,25,8,0.5,1.26,4.14
351,Tyson Ross,STL/SD,31,23,149.2,132,73,69,62,122,8,9,0,0,0.7,1.30,4.15
352,Andrew Heaney,LAA,30,30,180.0,171,91,83,45,180,9,10,0,0,1.5,1.20,4.15
353,Zach Duke,MIN/SEA,72,0,52.0,57,28,24,21,51,5,5,0,3,0.2,1.50,4.15
 ,Buck Farmer,DET,66,1,69.1,67,34,32,41,57,3,4,0,0,0.6,1.56,4.15
 ,Matt Koch,ARI,19,14,86.2,88,43,40,22,50,5,5,0,0,0.6,1.27,4.15
 ,Chih-Wei Hu,TB,5,0,13.0,7,6,6,3,12,0,0,0,0,0.1,0.77,4.15
 ,Jose Ruiz,CHW,6,0,4.1,5,2,2,3,6,0,0,0,0,0.0,1.85,4.15
 ,Austin Davis,PHI,32,0,34.2,35,20,16,12,38,1,2,0,0,0.2,1.36,4.15
359,Brian Johnson,BOS,38,13,99.1,104,49,46,38,87,4,5,0,1,0.0,1.43,4.17
360,Felix Pena,LAA,19,17,92.2,87,45,43,28,85,3,5,0,0,0.7,1.24,4.18
361,Carlos Rodon,CHW,20,20,120.2,97,61,56,55,90,6,8,0,0,2.0,1.26,4.18
362,Chris Devenski,HOU,50,1,47.1,42,23,22,13,51,2,3,2,3,0.1,1.16,4.18
363,Mike Minor,TEX,28,28,157.0,138,76,73,38,132,12,8,0,0,3.7,1.12,4.18
364,Thomas Pannone,TOR,12,6,43.0,37,20,20,15,29,4,1,0,0,0.8,1.21,4.19
365,Caleb Smith,MIA,16,16,77.1,63,36,36,33,88,5,6,0,0,0.4,1.24,4.19
366,Ivan Nova,PIT,29,29,161.0,171,82,75,35,114,9,9,0,0,1.1,1.28,4.19
367,Heath Hembree,BOS,67,0,60.0,53,30,28,27,76,4,1,0,3,0.5,1.33,4.20
368,Kyle Barraclough,MIA,61,0,55.2,40,27,26,34,60,1,6,10,7,-0.2,1.33,4.20
369,Gio Gonzalez,MIL/WSH,32,32,171.0,167,84,80,80,148,10,11,0,0,2.2,1.44,4.21
370,Robbie Erlin,SD,39,12,109.0,112,57,51,12,88,4,7,0,0,-0.2,1.14,4.21
371,Tyler Bashlor,NYM,24,0,32.0,26,16,15,12,25,0,3,0,0,0.1,1.19,4.22
372,Andrew Miller,CLE,37,0,34.0,31,16,16,16,45,2,4,2,3,0.2,1.38,4.24
373,Taylor Williams,MIL,56,0,53.0,53,28,25,25,57,1,3,0,1,-0.3,1.47,4.25
374,Ty Blach,SF,47,13,118.2,133,62,56,41,75,6,7,0,0,0.1,1.47,4.25
375,Freddy Peralta,MIL,16,14,78.1,49,37,37,40,96,6,4,0,0,0.4,1.14,4.25
376,Ryan Dull,OAK,28,0,25.1,22,12,12,7,21,0,0,0,0,0.2,1.14,4.26
 ,DJ Johnson,COL,7,0,6.1,6,3,3,2,9,1,0,0,0,0.1,1.26,4.26
 ,Heath Fillmyer,KC,17,13,82.1,78,41,39,32,57,4,2,0,0,0.7,1.34,4.26
 ,Aaron Bummer,CHW,37,0,31.2,40,19,15,10,35,0,1,0,1,-0.1,1.58,4.26
380,Tyler Glasnow,PIT/TB,45,11,111.2,89,55,53,53,136,2,7,0,0,0.7,1.27,4.27
381,Matt Wisler,ATL/CIN,18,3,40.0,41,20,19,7,32,1,1,0,1,0.2,1.20,4.28
 ,Robert Gsellman,NYM,68,0,80.0,76,44,38,28,70,6,3,13,7,-0.3,1.30,4.28
383,Rick Porcello,BOS,33,33,191.1,177,97,91,48,190,17,7,0,0,3.1,1.18,4.28
384,Amir Garrett,CIN,66,0,63.0,56,30,30,25,71,1,2,0,2,0.5,1.29,4.29
385,Sam Freeman,ATL,63,0,50.1,41,26,24,32,58,3,5,0,3,-0.1,1.45,4.29
386,Luis Castillo,CIN,31,31,169.2,158,89,81,49,165,10,12,0,0,1.6,1.22,4.30
387,Adrian Sampson,TEX,5,4,23.0,24,13,11,4,15,0,3,0,0,0.2,1.22,4.30
388,Chris Archer,PIT/TB,27,27,148.1,155,77,71,49,162,6,8,0,0,1.0,1.38,4.31
389,Joe Jimenez,DET,68,0,62.2,53,34,30,22,78,5,4,3,4,0.1,1.20,4.31
390,Mike Hauschild,TOR,2,1,8.1,7,4,4,4,5,1,1,0,0,0.1,1.32,4.32
391,Drew Rucinski,MIA,32,0,35.1,34,21,17,13,27,4,2,0,1,-0.6,1.33,4.33
392,Eric Lauer,SD,23,23,112.0,127,61,54,46,100,6,7,0,0,-0.2,1.54,4.34
393,Tanner Roark,WSH,31,30,180.1,181,90,87,50,146,9,15,0,0,3.0,1.28,4.34
394,Emilio Pagan,OAK,55,0,62.0,55,30,30,19,63,3,1,0,0,0.3,1.19,4.35
395,Zach Eflin,PHI,24,24,128.0,130,69,62,37,123,11,8,0,0,2.2,1.30,4.36
396,Mike Leake,SEA,31,31,185.2,207,98,90,34,119,10,10,0,0,1.7,1.30,4.36
397,Tim Collins,WSH,38,0,22.2,23,11,11,12,21,0,0,0,0,0.3,1.54,4.37
398,Jakob Junis,KC,30,30,177.0,182,94,86,43,164,9,12,0,0,1.2,1.27,4.37
399,Phil Maton,SD,45,0,47.1,50,25,23,23,55,0,2,0,1,-0.3,1.54,4.37
400,Jace Fry,CHW,59,1,51.1,37,28,25,20,70,2,3,4,1,0.1,1.11,4.38
401,Antonio Senzatela,COL,23,13,90.1,94,45,44,30,69,6,6,0,0,1.4,1.37,4.38
402,Matthew Boyd,DET,31,31,170.1,146,87,83,51,159,9,13,0,0,2.1,1.16,4.39
403,Joe Kelly,BOS,73,0,65.2,57,34,32,32,68,4,2,2,5,0.5,1.36,4.39
404,George Kontos,CLE/NYY/PIT,28,0,26.2,27,14,13,7,15,2,3,1,1,-0.1,1.28,4.39
 ,Brad Boxberger,ARI,60,0,53.1,44,30,26,32,71,3,7,32,8,-0.7,1.43,4.39
406,Hector Santiago,CHW,49,7,102.0,101,54,50,60,103,6,3,2,0,0.6,1.58,4.41
407,Trevor Richards,MIA,25,25,126.1,121,65,62,54,130,4,9,0,0,0.2,1.39,4.42
408,Luke Jackson,ATL,35,0,40.2,41,22,20,21,46,1,2,1,1,-0.2,1.52,4.43
 ,Tyler Webb,STL/SD,22,0,20.1,22,15,10,9,15,0,1,0,0,-0.5,1.52,4.43
410,Austin Gomber,STL,29,11,75.0,81,40,37,32,67,6,2,0,0,-0.0,1.51,4.44
411,Brent Suter,MIL,20,18,101.1,102,55,50,19,84,8,7,0,0,-0.3,1.19,4.44
412,Peter Moylan,ATL,39,0,28.1,32,14,14,18,23,0,1,0,1,-0.0,1.76,4.45
413,Warwick Saupold,DET,31,0,34.1,41,17,17,13,16,4,1,1,2,0.3,1.57,4.46
414,Glenn Sparkman,KC,15,3,38.1,47,20,19,15,27,0,3,0,0,0.1,1.62,4.46
415,Adam Wainwright,STL,8,8,40.1,41,21,20,18,40,2,4,0,0,0.1,1.46,4.46
416,Alex Claudio,TEX,66,1,68.1,91,35,34,13,41,4,2,1,2,0.9,1.52,4.48
417,Brett Anderson,OAK,17,17,80.1,90,42,40,13,47,4,5,0,0,0.5,1.28,4.48
418,Andrew Suarez,SF,29,29,160.1,163,85,80,45,130,7,13,0,0,0.5,1.30,4.49
419,Jake Odorizzi,MIN,32,32,164.1,151,89,82,70,162,7,10,0,0,1.6,1.34,4.49
420,Ross Detwiler,SEA,1,0,6.0,8,3,3,2,2,0,1,0,0,0.1,1.67,4.50
 ,Doug Fister,TEX,12,12,66.0,73,40,33,19,40,1,7,0,0,0.8,1.39,4.50
 ,Fernando Salas,ARI,41,0,40.0,40,20,20,13,30,4,4,0,0,-0.1,1.33,4.50
 ,Addison Reed,MIN,55,0,56.0,65,30,28,15,44,1,6,0,4,0.1,1.43,4.50
 ,Chris Beck,CHW/NYM,20,0,34.0,34,17,17,20,21,0,0,1,0,0.3,1.59,4.50
 ,Dominic Leone,STL,30,0,24.0,27,12,12,8,26,1,2,0,2,-0.0,1.46,4.50
 ,Kyle McGrath,SD,4,0,4.0,3,2,2,3,4,0,0,0,0,-0.0,1.50,4.50
 ,Kyle Wright,ATL,4,0,6.0,4,3,3,6,5,0,0,0,0,0.0,1.67,4.50
 ,Ian Hamilton,CHW,10,0,8.0,6,5,4,2,5,1,2,0,1,-0.1,1.00,4.50
429,Jordan Zimmermann,DET,25,25,131.1,140,76,66,26,111,7,8,0,0,0.6,1.26,4.52
430,James Shields,CHW,34,33,204.2,190,115,103,78,154,7,16,0,0,1.4,1.31,4.53
431,Jake Petricka,TOR,41,0,45.2,59,28,23,16,41,3,1,0,0,0.0,1.64,4.53
 ,Tim Hill,KC,70,0,45.2,46,28,23,14,42,1,4,2,2,-0.4,1.31,4.53
433,Neil Ramirez,CLE,47,0,41.2,36,21,21,18,51,0,3,0,1,0.1,1.30,4.54
 ,Chris Martin,TEX,46,0,41.2,46,21,21,5,37,1,5,0,3,0.6,1.22,4.54
 ,Noe Ramirez,LAA,69,1,83.1,75,43,42,30,95,7,5,1,3,0.1,1.26,4.54
436,Aaron Loup,TOR/PHI,59,0,39.2,48,23,20,14,44,0,0,0,0,0.3,1.56,4.54
437,Tyler Anderson,COL,32,32,176.0,165,94,89,59,164,7,9,0,0,3.0,1.27,4.55
438,Shane Bieber,CLE,20,19,114.2,130,60,58,23,118,11,5,0,0,1.0,1.33,4.55
439,Chad Kuhl,PIT,16,16,85.0,89,47,43,33,81,5,5,0,0,0.0,1.44,4.55
440,Danny Coulombe,OAK,27,0,23.2,24,13,12,11,26,1,1,0,0,-0.0,1.48,4.56
441,Francisco Liriano,DET,27,26,133.2,127,84,68,73,110,5,12,0,0,0.0,1.50,4.58
442,Brandon Kintzler,CHC/WSH,70,0,60.2,67,31,31,22,43,3,3,2,3,0.3,1.47,4.60
443,David Hale,MIN/NYY,4,0,13.2,16,7,7,5,8,0,0,0,0,0.1,1.54,4.61
444,Steven Brault,PIT,45,5,91.2,84,51,47,57,82,6,3,0,0,-0.3,1.54,4.61
445,Drew VerHagen,DET,41,1,56.1,46,29,29,19,53,3,3,0,2,0.4,1.15,4.63
446,Harrison Musgrave,COL,35,0,44.2,36,23,23,22,32,2,3,0,0,0.5,1.30,4.63
447,Ken Giles,TOR/HOU,55,0,50.1,54,28,26,7,53,0,3,26,0,-0.1,1.21,4.65
448,Austin Pruitt,TB,23,0,69.2,72,40,36,16,42,2,3,4,1,-0.2,1.26,4.65
449,Taylor Guerrieri,TOR,9,0,9.2,9,5,5,4,8,0,0,0,0,0.1,1.34,4.66
450,Greg Holland,WSH/STL,56,0,46.1,43,30,24,32,47,2,2,3,3,-0.2,1.62,4.66
451,Ian Kennedy,KC,22,22,119.2,125,66,62,40,105,3,9,0,0,0.5,1.38,4.66
452,Jeanmar Gomez,CHW,26,0,25.0,29,15,13,10,27,0,2,0,1,-0.2,1.56,4.68
453,Fernando Romero,MIN,11,11,55.2,60,31,29,19,45,3,3,0,0,0.4,1.42,4.69
454,Michael Fulmer,DET,24,24,132.1,128,75,69,46,110,3,12,0,0,0.9,1.31,4.69
455,Matt Bush,TEX,21,0,23.0,23,13,12,14,19,0,0,0,0,0.3,1.61,4.70
 ,Justin Haley,BOS,4,0,7.2,10,4,4,3,0,0,0,0,0,0.1,1.70,4.70
457,Cody Allen,CLE,70,0,67.0,58,35,35,33,80,4,6,27,5,0.0,1.36,4.70
458,Mike Mayers,STL,50,0,51.2,59,28,27,15,49,2,1,1,0,-0.3,1.43,4.70
459,Gabriel Moya,MIN,35,6,36.1,35,19,19,13,31,3,1,0,2,0.2,1.32,4.71
460,Jake Diekman,TEX/ARI,71,0,53.1,49,33,28,31,66,1,2,2,1,-0.1,1.50,4.73
 ,Jake Newberry,KC,14,0,13.1,13,8,7,9,11,2,0,0,0,-0.1,1.65,4.73
462,Nick Tropeano,LAA,14,14,76.0,68,41,40,31,64,5,6,0,0,0.1,1.30,4.74
 ,Enyel De Los Santos,PHI,7,2,19.0,19,10,10,8,15,1,0,0,0,0.2,1.42,4.74
464,Zack Godley,ARI,33,32,178.1,177,103,94,81,185,15,11,0,0,-0.8,1.45,4.74
465,Randall Delgado,ARI,10,0,11.1,11,6,6,6,5,2,0,0,1,-0.1,1.50,4.76
 ,Zac Rosscup,LAD,17,0,11.1,9,6,6,4,20,0,1,0,1,0.0,1.15,4.76
 ,Tony Cingrani,LAD,30,0,22.2,19,12,12,6,36,1,2,0,2,-0.2,1.10,4.76
 ,Rob Zastryzny,CHC,6,0,5.2,6,3,3,4,3,1,0,0,0,-0.0,1.76,4.76
469,Lance Lynn,MIN/NYY,31,29,156.2,163,87,83,76,161,10,10,0,0,0.9,1.53,4.77
470,Zach Davies,MIL,13,13,66.0,67,36,35,21,49,2,7,0,0,-0.2,1.33,4.77
471,Nick Pivetta,PHI,33,32,164.0,163,91,87,51,188,7,14,0,0,2.3,1.30,4.77
472,Wei-Yin Chen,MIA,26,26,133.1,131,75,71,47,111,6,12,0,0,-0.5,1.34,4.79
473,Miguel Diaz,SD,11,0,18.2,16,11,10,12,30,1,0,0,0,-0.2,1.50,4.82
474,Vince Velasquez,PHI,31,30,146.2,138,83,79,59,161,9,12,0,0,1.9,1.34,4.85
475,Jerry Blevins,NYM,64,1,42.2,36,24,23,22,41,3,2,1,0,0.0,1.36,4.85
476,Danny Duffy,KC,28,28,155.0,161,86,84,70,141,8,12,0,0,0.8,1.49,4.88
 ,David Hess,BAL,21,19,103.1,106,64,56,37,74,3,10,0,0,0.7,1.38,4.88
478,Aaron Sanchez,TOR,20,20,105.0,106,62,57,58,86,4,6,0,0,0.8,1.56,4.89
479,Artie Lewicki,DET,13,3,38.2,48,24,21,14,30,0,2,0,0,-0.0,1.60,4.89
480,Sonny Gray,NYY,30,23,130.1,138,73,71,57,123,11,9,0,1,0.6,1.50,4.90
481,Alex Cobb,BAL,28,28,152.1,172,93,83,43,102,5,15,0,0,1.1,1.41,4.90
482,Jarlin Garcia,MIA,29,7,66.0,59,37,36,28,40,3,3,0,0,-0.4,1.32,4.91
 ,Troy Scribner,ARI,1,1,3.2,4,2,2,6,4,0,1,0,0,0.0,2.73,4.91
484,Brandon McCarthy,ATL,15,15,78.2,94,45,43,21,65,6,3,0,0,-0.3,1.46,4.92
485,Jackson Stephens,CIN,29,0,38.1,50,30,21,15,33,2,3,0,0,-0.8,1.70,4.93
 ,Anthony DeSclafani,CIN,21,21,115.0,118,68,63,30,108,7,8,0,0,0.3,1.29,4.93
 ,Daniel Stumpf,DET,56,0,38.1,44,23,21,16,37,1,5,0,3,-0.2,1.57,4.93
488,Matt Harvey,CIN/NYM,32,28,155.0,165,87,85,37,131,7,9,0,0,0.9,1.30,4.94
 ,Matt Shoemaker,LAA,7,7,31.0,29,17,17,10,33,2,2,0,0,0.1,1.26,4.94
490,Tyler Olson,CLE,43,0,27.1,26,16,15,12,40,2,1,0,0,-0.1,1.39,4.94
491,Yu Darvish,CHC,8,8,40.0,36,24,22,21,49,1,3,0,0,-0.1,1.43,4.95
492,Luke Weaver,STL,30,25,136.1,150,83,75,54,121,7,11,0,0,-1.1,1.50,4.95
493,Chris Hatcher,OAK,34,0,36.1,43,23,20,17,30,3,3,0,2,-0.3,1.65,4.95
494,Jake Thompson,PHI,9,0,16.1,14,10,9,11,14,1,0,2,0,0.1,1.53,4.96
 ,Zac Curtis,TEX/PHI,15,0,16.1,12,10,9,19,18,0,1,0,0,-0.0,1.90,4.96
496,Drew Anderson,PHI,5,1,12.2,17,7,7,2,11,0,1,0,0,0.2,1.50,4.97
 ,Drew Anderson,PHI,5,1,12.2,17,7,7,2,11,0,1,0,0,0.0,1.50,4.97
498,Tyler Mahle,CIN,23,23,112.0,125,68,62,53,110,7,9,0,0,0.0,1.59,4.98
499,Chad Bettis,COL,27,20,120.1,121,72,67,47,80,5,2,0,0,1.1,1.40,5.01
500,Michael Kopech,CHW,4,4,14.1,20,8,8,2,15,1,1,0,0,0.1,1.53,5.02
 ,Sandy Baez,DET,9,0,14.1,12,12,8,9,10,0,0,0,0,-0.2,1.47,5.02
502,Jorge Lopez,KC/MIL,17,7,53.2,57,30,30,22,38,2,5,0,0,-0.1,1.47,5.03
503,Joe Ross,WSH,3,3,16.0,17,10,9,4,7,0,2,0,0,0.1,1.31,5.06
 ,Ryan Weber,TB,2,0,5.1,5,5,3,2,1,0,1,0,0,-0.2,1.31,5.06
505,Chris Stratton,SF,28,26,145.0,153,87,82,54,112,10,10,0,0,-0.8,1.43,5.09
506,Hector Neris,PHI,53,0,47.2,46,27,27,16,76,1,3,11,3,0.2,1.30,5.10
507,Jonathan Loaisiga,NYY,9,4,24.2,26,17,14,12,33,2,0,0,0,-0.1,1.54,5.11
508,Shane Greene,DET,66,0,63.1,68,39,36,19,65,4,6,32,6,-0.5,1.37,5.12
509,Jon Gray,COL,31,31,172.1,180,102,98,52,183,12,9,0,0,1.7,1.35,5.12
510,Sean Reid-Foley,TOR,7,7,33.1,31,23,19,21,42,2,4,0,0,-0.1,1.56,5.13
511,Jake Barrett,ARI,7,0,7.0,8,4,4,2,6,0,1,0,0,-0.1,1.43,5.14
 ,Eric Skoglund,KC,14,13,70.0,66,41,40,19,49,1,6,0,0,0.1,1.21,5.14
 ,Caleb Frare,CHW,11,0,7.0,6,4,4,4,9,0,1,0,0,0.0,1.43,5.14
514,Luke Farrell,CHC,20,2,31.1,30,22,18,16,39,3,4,0,1,-0.7,1.47,5.17
515,Dylan Covey,CHW,27,21,121.2,129,81,70,52,91,5,14,0,0,-0.2,1.49,5.18
 ,Daniel Gossett,OAK,5,5,24.1,25,14,14,8,12,0,3,0,0,0.0,1.36,5.18
517,Elieser Hernandez,MIA,32,6,65.2,68,38,38,27,45,2,7,0,0,-0.6,1.45,5.21
518,Nick Kingham,PIT,18,15,76.0,79,50,44,26,69,5,7,0,0,-0.5,1.38,5.21
519,Dan Otero,CLE,61,0,58.2,69,36,34,5,43,2,1,1,2,-0.3,1.26,5.22
520,Andrew Triggs,OAK,9,9,41.1,37,24,24,18,43,3,1,0,0,-0.0,1.33,5.23
521,Luis Cessa,NYY,16,5,44.2,51,27,26,13,39,1,4,2,0,-0.0,1.43,5.24
522,Drew Gagnon,NYM,5,1,12.0,15,11,7,5,8,2,1,0,0,-0.4,1.67,5.25
523,Matt Andriese,ARI/TB,41,5,78.2,84,51,46,25,78,3,7,0,0,-0.9,1.39,5.26
524,John Axford,TOR/LAD,50,1,54.2,52,35,32,22,54,4,1,0,0,-0.1,1.35,5.27
 ,Aaron Slegers,MIN,4,2,13.2,17,8,8,2,6,1,1,0,0,0.0,1.39,5.27
526,Adam Plutko,CLE,17,12,76.2,78,45,45,23,60,4,5,1,0,0.1,1.32,5.28
527,Oliver Drake,LAA/CLE/MIL/MIN/TOR,44,0,47.2,52,29,28,17,51,1,1,0,1,-0.1,1.45,5.29
528,Andrew Cashner,BAL,28,28,153.0,177,97,90,65,99,4,15,0,0,0.6,1.58,5.29
 ,Ryan Cook,SEA,19,0,17.0,15,10,10,7,23,2,1,0,0,-0.1,1.29,5.29
530,Tyler Chatwood,CHC,24,20,103.2,92,62,61,95,85,4,6,0,0,-0.0,1.80,5.30
531,Sam Gaviglio,TOR,26,24,123.2,140,77,73,38,105,3,10,0,0,0.5,1.44,5.31
532,Sal Romano,CIN,39,25,145.2,155,92,86,53,105,8,11,0,0,-0.4,1.43,5.31
533,Clayton Richard,SD,27,27,158.2,159,98,94,60,108,7,11,0,0,-1.2,1.38,5.33
534,Wandy Peralta,CIN,59,0,45.1,58,32,27,31,31,2,2,0,0,-0.6,1.96,5.36
535,Rob Scahill,CHW,6,0,5.0,5,4,3,3,3,0,0,0,0,-0.1,1.60,5.40
 ,Brandon Mann,TEX,7,0,8.1,7,5,5,4,3,0,0,0,0,0.0,1.32,5.40
 ,Brandon Cumpton,TOR,1,0,1.2,3,1,1,2,2,0,0,0,0,0.0,3.00,5.40
 ,Jake Faria,TB,17,12,65.0,60,39,39,33,50,4,4,0,0,-0.2,1.43,5.40
 ,Tanner Scott,BAL,53,0,53.1,55,33,32,28,76,3,3,0,3,-0.1,1.56,5.40
 ,Jimmy Yacabonis,BAL,12,7,40.0,40,25,24,18,33,0,2,0,0,0.2,1.45,5.40
 ,Dean Deetz,HOU,4,0,3.1,4,2,2,1,3,0,0,0,0,-0.0,1.50,5.40
 ,Luke Bard,LAA,8,0,11.2,10,7,7,5,13,0,0,0,0,-0.0,1.29,5.40
 ,Ranger Suarez,PHI,4,3,15.0,21,14,9,6,11,1,1,0,0,-0.3,1.80,5.40
 ,Brett Graves,MIA,21,0,33.1,41,22,20,12,21,1,1,1,0,-0.4,1.59,5.40
 ,Kazuhisa Makita,SD,27,0,35.0,32,23,21,12,37,0,1,0,0,-0.4,1.26,5.40
 ,Andrew Vasquez,MIN,9,0,5.0,5,4,3,2,7,1,0,0,0,-0.1,1.40,5.40
547,Bryan Mitchell,SD,16,11,73.0,85,45,44,43,38,2,4,0,0,-0.6,1.75,5.42
 ,Trevor Hildenberger,MIN,73,0,73.0,75,46,44,26,70,4,6,7,4,-0.6,1.38,5.42
549,Tayron Guerrero,MIA,60,0,58.0,64,40,35,30,68,1,3,0,4,-1.2,1.62,5.43
550,Dylan Bundy,BAL,31,31,171.2,188,116,104,54,184,8,16,0,0,0.1,1.41,5.45
551,Ryan Madson,LAD/WSH,58,0,52.2,58,34,32,16,54,2,5,4,4,-0.6,1.41,5.47
552,Jalen Beeks,BOS/TB,14,1,50.2,52,31,31,24,42,5,1,0,0,-0.2,1.50,5.51
553,Yohander Mendez,TEX,8,5,27.2,28,18,17,15,18,2,2,0,0,0.0,1.55,5.53
554,Marcus Stroman,TOR,19,19,102.1,115,68,63,36,77,4,9,0,0,0.2,1.48,5.54
555,Erick Fedde,WSH,11,11,50.1,55,31,31,22,46,2,4,0,0,0.3,1.53,5.54
556,Mike Wright,BAL,48,2,84.1,101,55,52,36,74,4,2,0,0,-0.1,1.62,5.55
557,Felix Hernandez,SEA,29,28,155.2,159,107,96,59,125,8,14,0,0,-1.2,1.40,5.55
558,Javy Guerra,MIA,32,0,35.2,42,27,22,12,30,1,1,1,0,-1.1,1.51,5.55
559,Pierce Johnson,SF,37,0,43.2,38,27,27,22,36,3,2,0,0,-0.4,1.37,5.56
560,Domingo German,NYY,21,14,85.2,81,55,53,33,102,2,6,0,0,-0.1,1.33,5.57
561,Donnie Hart,BAL,20,0,19.1,31,13,12,12,13,0,0,0,0,-0.0,2.22,5.59
 ,Colten Brewer,SD,11,0,9.2,15,10,6,7,10,1,0,0,0,-0.4,2.28,5.59
 ,Austen Williams,WSH,10,0,9.2,10,6,6,6,8,0,1,0,0,0.0,1.66,5.59
564,Eddie Butler,TEX/CHC,30,0,49.2,59,34,31,19,29,2,3,2,0,-0.4,1.57,5.62
565,Danny Farquhar,CHW,8,0,8.0,6,5,5,0,9,1,1,0,1,-0.1,0.75,5.63
 ,Jhan Marinez,BAL,8,0,8.0,9,6,5,9,3,0,0,0,0,-0.1,2.25,5.63
 ,Tyler Thornburg,BOS,25,0,24.0,28,15,15,10,21,2,0,0,0,-0.0,1.58,5.63
568,Ben Lively,KC/PHI,10,5,30.1,41,19,19,15,27,0,3,0,0,0.1,1.85,5.64
 ,Jaime Schultz,TB,22,1,30.1,18,19,19,17,35,2,2,0,0,-0.2,1.15,5.64
570,Marco Estrada,TOR,28,28,143.2,155,91,90,50,103,7,14,0,0,0.6,1.43,5.64
571,Yimi Garcia,LAD,25,0,22.1,29,18,14,4,19,1,2,0,1,-0.7,1.48,5.64
572,Michael Feliz,PIT,47,0,47.2,49,33,30,23,55,1,2,0,2,-0.9,1.51,5.66
573,Daniel Norris,DET,11,8,44.1,46,28,28,19,51,0,5,0,0,0.0,1.47,5.68
 ,Trevor Gott,WSH,20,0,19.0,19,13,12,10,15,0,2,0,0,-0.2,1.53,5.68
 ,Jimmy Cordero,WSH,22,0,19.0,23,13,12,12,12,1,2,0,1,-0.1,1.84,5.68
 ,John Curtiss,MIN,8,0,6.1,8,4,4,4,7,0,1,0,0,-0.0,1.89,5.68
 ,Alex McRae,PIT,2,0,6.1,8,4,4,5,5,0,1,0,0,-0.1,2.05,5.68
578,Danny Barnes,TOR,47,0,41.0,47,28,26,22,38,3,3,0,2,-0.3,1.68,5.71
579,Jefry Rodriguez,WSH,14,8,52.0,43,35,33,37,39,3,3,0,0,-0.2,1.54,5.71
580,Merandy Gonzalez,MIA,8,1,22.0,31,14,14,8,19,2,1,0,0,-0.2,1.77,5.73
581,Jason Vargas,NYM,20,20,92.0,100,60,59,30,84,7,9,0,0,-0.3,1.41,5.77
582,Bartolo Colon,TEX,28,24,146.1,172,97,94,25,81,7,12,0,0,0.5,1.35,5.78
583,Austin Brice,CIN,33,0,37.1,39,26,24,13,32,2,3,0,0,-0.5,1.39,5.79
 ,Christian Bergman,SEA,3,2,14.0,12,9,9,3,7,0,1,0,0,-0.1,1.07,5.79
 ,Kyle Crockett,CIN,15,0,9.1,16,8,6,2,11,1,0,0,0,-0.3,1.93,5.79
 ,Akeel Morris,LAA,9,0,14.0,18,9,9,8,7,0,0,0,0,-0.1,1.86,5.79
587,Tommy Milone,WSH,5,4,26.1,37,17,17,1,23,1,1,0,0,0.1,1.44,5.81
588,Jaime Garcia,TOR/CHC,33,14,82.0,82,57,53,44,73,3,7,0,0,-0.5,1.54,5.82
589,Jacob Rhame,NYM,30,0,32.1,38,21,21,8,28,1,2,1,1,-0.2,1.42,5.85
 ,Corey Oswalt,NYM,17,12,64.2,69,43,42,20,45,3,3,0,0,-0.5,1.38,5.85
591,Edward Paredes,LAD,15,0,7.2,7,5,5,2,8,2,0,0,0,-0.2,1.17,5.87
 ,Kyle McGowin,WSH,5,1,7.2,6,5,5,5,8,0,0,0,0,0.0,1.43,5.87
593,Boone Logan,MIL,16,0,10.2,15,7,7,10,14,1,0,0,0,-0.1,2.34,5.91
594,Yefry Ramirez,BAL,17,12,65.1,64,44,43,36,62,1,8,0,0,0.1,1.53,5.92
595,Bryan Shaw,COL,61,0,54.2,70,43,36,28,54,4,6,0,5,-1.1,1.79,5.93
 ,Ariel Jurado,TEX,12,8,54.2,66,36,36,18,22,5,5,0,0,0.1,1.54,5.93
597,Wilmer Font,OAK/LAD/TB,19,5,44.0,46,29,29,16,36,2,3,0,1,0.2,1.41,5.93
598,Kevin Jepsen,TEX,21,0,16.2,15,13,11,11,8,0,3,0,0,-0.3,1.56,5.94
599,Luiz Gohara,ATL,9,1,19.2,16,13,13,8,18,0,1,1,0,-0.3,1.22,5.95
600,Juan Nicasio,SEA,46,0,42.0,53,30,28,5,53,1,6,1,6,-1.1,1.38,6.00
601,Allen Webster,CHC,3,0,3.0,2,2,2,1,3,1,0,0,0,-0.0,1.00,6.00
 ,Josh Ravin,ATL,2,0,3.0,2,2,2,2,1,0,1,0,0,-0.1,1.33,6.00
 ,Williams Jerez,LAA,17,0,15.0,17,14,10,8,15,0,0,0,1,-0.6,1.67,6.00
 ,Joe Biagini,TOR,50,4,72.0,96,50,48,24,53,4,7,0,0,-0.4,1.67,6.00
 ,Ben Taylor,CLE,6,0,6.0,6,4,4,1,8,0,0,0,0,-0.0,1.17,6.00
606,Jason Hammel,KC,39,18,127.0,168,91,85,39,92,4,14,0,2,-1.6,1.63,6.02
607,Spencer Turnbull,DET,4,3,16.1,17,11,11,4,15,0,2,0,0,-0.1,1.29,6.06
 ,Jeff Brigham,MIA,4,4,16.1,16,11,11,13,12,0,4,0,0,-0.3,1.78,6.06
609,Luis Garcia,PHI,59,0,46.0,49,31,31,18,51,3,1,1,3,-0.3,1.46,6.07
610,Paul Sewald,NYM,46,0,56.1,62,39,38,23,58,0,7,2,2,-1.0,1.51,6.07
611,Drew Pomeranz,BOS,26,11,74.0,87,53,50,44,66,2,6,0,0,-0.5,1.77,6.08
612,Chris Rusin,COL,49,0,54.2,56,42,37,26,47,2,3,0,1,-0.8,1.50,6.09
613,Homer Bailey,CIN,20,20,106.1,141,82,72,33,75,1,14,0,0,-1.5,1.64,6.09
614,Jose Manuel Fernandez,TOR,13,0,10.1,10,7,7,4,6,0,0,0,0,-0.1,1.35,6.10
615,Nick Rumbelow,SEA,13,0,17.2,19,12,12,6,16,0,0,0,0,-0.1,1.42,6.11
 ,Brock Stewart,LAD,9,2,17.2,23,15,12,9,14,0,1,0,1,-0.6,1.81,6.11
617,Jason Adam,KC,31,0,32.1,30,22,22,15,37,0,3,0,2,-0.3,1.39,6.12
618,Lucas Giolito,CHW,32,32,173.1,166,123,118,90,125,10,13,0,0,-1.3,1.48,6.13
619,Josh Tomlin,CLE,32,9,70.1,92,52,48,12,46,2,5,0,0,-0.9,1.48,6.14
620,A.J. Cole,NYY/WSH,32,2,48.1,55,38,33,22,59,4,2,0,1,-0.7,1.59,6.14
621,Anthony Swarzak,NYM,29,0,26.1,28,18,18,14,31,0,2,4,1,-0.4,1.59,6.15
622,Deck McGuire,LAA/TOR,21,4,38.0,38,28,26,26,33,0,2,0,0,-0.3,1.68,6.16
623,Ray Black,SF,26,0,23.1,17,16,16,10,33,2,2,0,1,-0.4,1.16,6.17
624,Tim Peterson,NYM,22,0,27.2,29,19,19,5,25,2,2,0,0,-0.4,1.23,6.18
625,Zack Littell,MIN,8,2,20.1,25,17,14,11,14,0,2,0,0,-0.5,1.77,6.20
626,Zach McAllister,CLE/DET,44,0,45.0,57,33,31,10,39,1,2,0,1,-0.6,1.49,6.20
 ,Austin Bibens-Dirkx,TEX,13,6,45.0,56,33,31,14,33,2,3,0,0,-0.2,1.56,6.20
628,Martin Perez,TEX,22,15,85.1,116,68,59,36,52,2,7,0,1,-0.9,1.78,6.22
629,Jeff Samardzija,SF,10,10,44.2,47,32,31,26,30,1,5,0,0,-0.7,1.63,6.25
630,Matt Bowman,STL,22,0,23.0,29,16,16,11,26,0,2,0,2,-0.6,1.74,6.26
631,Chris Volstad,CHW,33,1,47.1,65,35,33,12,29,1,5,0,1,-0.6,1.63,6.27
632,Josh Lucas,OAK,8,1,14.1,16,11,10,9,14,0,0,0,0,-0.2,1.74,6.28
633,Phil Hughes,MIN/SD,23,2,32.2,44,23,23,10,32,0,0,0,0,-0.4,1.65,6.34
634,Ryan Sherriff,STL,5,0,5.2,8,4,4,2,3,0,0,0,0,-0.1,1.76,6.35
 ,Tanner Anderson,PIT,6,0,11.1,15,10,8,8,6,1,0,0,0,-0.3,2.03,6.35
636,Yovani Gallardo,TEX/CIN,21,18,94.1,107,68,67,47,58,8,8,0,0,-0.1,1.63,6.39
637,Sammy Solis,WSH,56,0,39.1,43,28,28,18,44,1,2,0,4,-0.6,1.55,6.41
 ,AJ Ramos,NYM,28,0,19.2,17,14,14,15,22,2,2,0,0,-0.5,1.63,6.41
639,Chris O'Grady,MIA,8,0,7.0,7,5,5,4,8,0,1,0,1,-0.2,1.57,6.43
 ,Ryan Meisinger,BAL,18,1,21.0,18,15,15,10,21,2,1,0,0,-0.1,1.33,6.43
641,Bryse Wilson,ATL,3,1,7.0,8,5,5,6,6,1,0,0,0,-0.1,2.00,6.43
642,Rowan Wick,SD,10,0,8.1,13,6,6,1,7,0,1,0,0,-0.2,1.68,6.48
643,Jake McGee,COL,61,0,51.1,59,39,37,16,47,2,4,1,2,-0.8,1.46,6.49
644,Erasmo Ramirez,SEA,10,10,45.2,52,35,33,12,33,2,4,0,0,-0.6,1.40,6.50
645,Carlos Torres,WSH,10,0,9.2,9,7,7,3,9,0,0,0,0,-0.1,1.24,6.52
646,Tommy Kahnle,NYY,24,0,23.1,23,22,17,15,30,2,0,1,1,-0.8,1.63,6.56
647,Stephen Gonsalves,MIN,7,4,24.2,28,22,18,22,16,2,2,0,0,-0.6,2.03,6.57
 ,Austin Voth,WSH,4,2,12.1,12,9,9,6,11,1,1,0,0,-0.1,1.46,6.57
649,Odrisamer Despaigne,LAA/MIA,19,5,39.0,52,34,29,19,35,2,3,0,1,-1.4,1.82,6.69
650,Drew Hutchison,TEX/PHI,16,5,42.2,50,32,32,26,31,2,2,0,0,-0.4,1.78,6.75
 ,Tommy La Stella,CHC,1,0,1.1,3,1,1,0,0,0,0,0,0,-0.0,2.25,6.75
 ,Mike Morin,SEA,3,0,4.0,6,3,3,1,6,0,0,0,1,-0.1,1.75,6.75
 ,Jerad Eickhoff,PHI,3,1,5.1,10,4,4,0,11,0,1,0,0,-0.0,1.88,6.75
 ,Yacksel Rios,PHI,36,0,36.0,43,28,27,15,36,3,2,0,0,-0.5,1.61,6.75
 ,Brett Kennedy,SD,6,6,26.2,36,20,20,12,18,1,2,0,0,-0.6,1.80,6.75
656,Matt Moore,TEX,39,12,102.0,128,82,77,41,86,3,8,0,1,-1.2,1.66,6.79
657,Clay Holmes,PIT,11,4,26.1,30,21,20,23,21,1,3,0,1,-0.5,2.01,6.84
658,Eduardo Paredes,LAA,14,0,18.1,25,14,14,7,15,0,0,0,0,-0.4,1.75,6.87
659,Brett Cecil,STL,40,0,32.2,39,27,25,25,19,1,1,0,0,-1.0,1.96,6.89
660,Burch Smith,KC,38,6,78.0,90,60,60,40,77,1,6,0,0,-1.2,1.67,6.92
661,Nick Goody,CLE,12,0,11.2,15,9,9,5,12,0,2,0,1,-0.3,1.71,6.94
662,Marc Rzepczynski,CLE/SEA,23,0,10.1,16,11,8,10,11,0,1,0,1,-0.5,2.52,6.97
663,Jacob Nix,SD,9,9,42.1,52,33,33,13,21,2,5,0,0,-1.1,1.54,7.02
664,Chance Adams,NYY,3,1,7.2,8,7,6,4,4,0,1,0,0,-0.2,1.57,7.04
 ,C.D. Pelham,TEX,10,0,7.2,12,6,6,4,7,0,0,0,0,-0.1,2.09,7.04
666,Luis Perdomo,SD,12,10,44.2,62,37,35,22,39,1,6,0,0,-1.1,1.88,7.05
667,Junichi Tazawa,LAA/MIA,31,0,28.0,35,24,22,16,28,1,1,0,0,-0.9,1.82,7.07
668,Luke Gregerson,STL,17,0,12.2,14,10,10,6,12,0,0,0,0,-0.4,1.58,7.11
 ,Tyler Danish,CHW,7,0,6.1,8,5,5,4,5,1,0,0,0,-0.2,1.89,7.11
670,Thyago Vieira,CHW,16,0,17.2,21,14,14,9,15,1,1,1,0,-0.3,1.70,7.13
671,Paul Blackburn,OAK,6,6,27.2,33,23,22,6,19,2,3,0,0,-0.6,1.41,7.16
 ,Dillon Peters,MIA,7,5,27.2,34,22,22,15,17,2,2,0,0,-0.6,1.77,7.16
673,John Lamb,LAA,3,3,10.0,15,10,8,4,11,0,1,0,0,-0.3,1.90,7.20
 ,Braden Shipley,ARI,3,0,5.0,4,4,4,2,3,0,0,0,0,-0.1,1.20,7.20
 ,Wes Parsons,ATL,1,0,5.0,6,4,4,3,3,0,1,0,0,-0.1,1.80,7.20
 ,Tyler Duffey,MIN,19,1,25.0,26,22,20,4,19,2,2,0,0,-0.8,1.20,7.20
 ,Luis Santos,TOR,15,1,20.0,26,16,16,10,24,1,1,0,0,-0.3,1.80,7.20
678,Trevor Oaks,KC,4,2,13.2,21,11,11,6,10,0,2,0,0,-0.3,1.98,7.24
679,Ryan Carpenter,DET,6,5,22.1,34,19,18,4,15,1,2,0,0,-0.4,1.70,7.25
680,Casey Lawrence,SEA,11,0,23.1,28,19,19,10,14,1,0,0,0,-0.3,1.63,7.33
681,Matt Albers,MIL,34,0,34.1,45,29,28,12,32,3,3,1,1,-1.6,1.66,7.34
682,Hoby Milner,PHI/TB,14,0,7.1,9,8,6,5,8,0,0,0,0,-0.4,1.91,7.36
683,Brandon Finnegan,CIN,5,5,20.2,27,20,17,15,14,0,3,0,0,-0.6,2.03,7.40
684,William Cuevas,BOS,9,1,17.0,20,14,14,11,20,0,2,0,0,-0.3,1.82,7.41
685,Derek Law,SF,7,0,13.1,16,13,11,8,12,1,0,0,0,-0.4,1.80,7.43
686,Ryan Burr,CHW,8,0,9.2,12,8,8,6,6,0,0,0,0,-0.2,1.86,7.45
687,Lucas Sims,ATL/CIN,9,0,15.2,15,13,13,13,16,0,0,0,1,-0.4,1.79,7.47
688,Zac Reininger,DET,18,0,21.1,28,18,18,9,18,1,0,0,0,-0.4,1.73,7.59
689,Kendall Graveman,OAK,7,7,34.1,44,32,29,13,27,1,5,0,0,-0.9,1.66,7.60
690,Brooks Pounders,COL,14,0,15.1,25,13,13,2,17,0,1,0,1,-0.2,1.76,7.63
691,Brian Duensing,CHC,48,0,37.2,42,33,32,29,24,3,0,1,2,-1.5,1.88,7.65
692,Evan Marshall,CLE,10,0,7.0,12,6,6,4,9,0,0,0,1,-0.2,2.29,7.71
 ,Roberto Gomez,SF,5,0,9.1,20,11,8,1,8,1,0,0,0,-0.5,2.25,7.71
 ,Mark Leiter Jr.,TOR/PHI,20,0,23.1,35,28,20,12,22,0,1,0,0,-1.1,2.01,7.71
 ,Nestor Cortes Jr.,BAL,4,0,4.2,10,4,4,4,3,0,0,0,0,-0.1,3.00,7.71
 ,Eric Hanhold,NYM,3,0,2.1,4,2,2,1,2,0,0,0,0,-0.1,2.14,7.71
 ,Pedro Araujo,BAL,20,0,28.0,29,24,24,18,29,1,3,0,0,-0.5,1.68,7.71
698,Andrew Kittredge,TB,33,3,38.1,54,34,33,17,30,3,2,0,0,-1.2,1.85,7.75
699,Brandon Maurer,KC,37,0,31.1,42,29,27,25,31,0,4,1,6,-1.2,2.14,7.76
700,Alan Busenitz,MIN,23,0,25.1,37,25,22,14,26,4,1,0,2,-1.2,2.01,7.82
701,Matt Belisle,CLE/MIN,33,0,34.1,49,32,30,11,25,1,1,0,1,-0.9,1.75,7.86
702,Kevin Shackelford,CIN,5,0,8.0,13,8,7,4,7,0,1,0,1,-0.3,2.13,7.88
703,Gregory Infante,CHW,10,0,9.0,12,8,8,8,6,1,1,0,0,-0.2,2.22,8.00
 ,Dovydas Neverauskas,PIT,25,0,27.0,30,25,24,10,27,0,0,0,1,-0.9,1.48,8.00
705,Ervin Santana,MIN,5,5,24.2,31,22,22,9,16,0,1,0,0,-0.6,1.62,8.03
706,Carson Fulmer,CHW,9,8,32.1,37,32,29,24,29,2,4,0,0,-1.0,1.89,8.07
707,Daniel Descalso,ARI,2,0,3.1,4,3,3,1,2,0,0,0,0,-0.1,1.50,8.10
 ,Robby Scott,BOS,9,0,6.2,10,6,6,5,8,0,1,0,0,-0.3,2.25,8.10
 ,Murphy Smith,TOR,3,0,3.1,5,3,3,1,0,0,0,0,0,-0.1,1.80,8.10
710,Tyler Beede,SF,2,2,7.2,9,7,7,8,9,0,1,0,0,-0.3,2.22,8.22
 ,P.J. Conlon,NYM,3,2,7.2,15,7,7,2,5,0,0,0,0,-0.2,2.22,8.22
712,Josh Osich,SF,12,0,12.0,20,11,11,7,10,0,0,0,1,-0.5,2.25,8.25
713,Casey Sadler,PIT,2,0,4.1,9,7,4,3,3,0,0,0,0,-0.2,2.77,8.31
 ,Jerry Vasto,KC/COL,6,0,4.1,6,5,4,2,4,0,1,0,0,-0.2,1.85,8.31
715,Josh Rogers,BAL,3,3,11.2,17,11,11,5,6,1,2,0,0,-0.3,1.89,8.49
716,Bruce Rondon,CHW,35,0,29.2,37,30,28,27,40,2,3,1,1,-1.3,2.16,8.49
717,Josh Smoker,DET/PIT,8,0,7.1,11,7,7,7,4,0,0,0,1,-0.3,2.45,8.59
 ,Chad Bell,DET,3,0,7.1,14,7,7,2,7,0,1,0,0,-0.2,2.18,8.59
719,Tyler Lyons,STL,27,0,16.2,24,16,16,8,19,1,0,0,2,-1.0,1.92,8.64
720,Tyler Cloyd,MIA,7,0,17.2,25,17,17,10,13,0,0,0,0,-0.4,1.98,8.66
721,Keury Mella,CIN,4,0,9.1,13,9,9,8,8,0,0,0,0,-0.2,2.25,8.68
722,Jeff Mathis,ARI,1,0,1.0,1,1,1,0,1,0,1,0,0,-0.1,1.00,9.00
 ,Cliff Pennington,CIN,1,0,1.0,1,1,1,2,1,0,0,0,0,-0.0,3.00,9.00
 ,Charlie Culberson,ATL,1,0,1.0,2,1,1,0,0,0,0,0,0,-0.0,2.00,9.00
 ,Mike Dunn,COL,25,0,17.0,22,17,17,18,12,0,0,0,0,-0.5,2.35,9.00
 ,Pedro Florimon,PHI,2,0,2.0,1,2,2,1,0,0,0,0,0,-0.0,1.00,9.00
 ,Jedd Gyorko,STL,1,0,1.0,2,1,1,0,0,0,0,0,0,-0.0,2.00,9.00
 ,Zach Neal,LAD,1,0,1.0,2,1,1,0,0,0,0,0,0,-0.0,2.00,9.00
 ,Francisco Arcia,LAA,2,0,3.0,5,3,3,0,0,0,0,0,0,-0.1,1.67,9.00
 ,Taylor Motter,MIN/SEA,1,0,1.0,1,1,1,1,1,0,0,0,0,-0.0,2.00,9.00
 ,Victor Caratini,CHC,2,0,2.0,3,2,2,0,0,0,0,0,0,-0.0,1.50,9.00
 ,J.D. Davis,HOU,1,0,1.0,1,1,1,0,1,0,0,0,0,-0.0,1.00,9.00
 ,Jake Jewell,LAA,3,0,2.0,2,2,2,1,1,0,1,0,0,-0.1,1.50,9.00
 ,Cody Carroll,BAL,15,0,17.0,21,17,17,13,16,0,2,0,1,-0.4,2.00,9.00
735,Robert Stephenson,CIN,4,3,11.2,17,12,12,12,11,0,2,0,0,-0.4,2.49,9.26
736,Jeff Hoffman,COL,6,1,8.2,15,9,9,7,5,0,0,0,0,-0.3,2.54,9.35
737,JC Ramirez,LAA,2,2,6.2,7,8,7,7,4,0,2,0,0,-0.3,2.10,9.45
738,Walker Lockett,SD,4,3,15.0,22,16,16,10,12,0,3,0,0,-0.7,2.13,9.60
739,Aaron Wilkerson,MIL,3,1,9.0,12,10,10,3,10,0,1,0,0,-0.4,1.67,10.00
740,Bobby Wahl,NYM,7,0,5.1,9,6,6,4,7,0,1,0,0,-0.3,2.44,10.13
 ,Justus Sheffield,NYY,3,0,2.2,4,3,3,3,0,0,0,0,0,-0.1,2.63,10.13
742,Miguel Almonte,LAA,8,0,7.0,9,8,8,3,7,0,0,0,0,-0.3,1.71,10.29
743,Justin Grimm,KC/SEA,21,0,17.1,19,20,20,14,11,1,3,0,2,-1.3,1.90,10.38
 ,D.J. Snelten,SF,4,0,4.1,9,6,5,3,4,0,0,0,0,-0.2,2.77,10.38
745,Ben Meyer,MIA,13,0,19.0,26,23,22,14,9,0,0,0,0,-0.8,2.11,10.42
746,Chris Tillman,BAL,7,7,26.2,42,32,31,17,13,1,5,0,0,-1.1,2.21,10.46
747,Shelby Miller,ARI,5,4,16.0,24,21,19,8,19,0,4,0,0,-1.1,2.00,10.69
748,Miguel Socolovich,ATL,4,0,5.0,8,6,6,2,4,0,1,0,0,-0.3,2.00,10.80
749,Kevin Quackenbush,CIN,10,0,9.0,13,11,11,6,7,0,1,0,0,-0.5,2.11,11.00
750,Jeff Beliveau,CLE,9,0,4.2,7,6,6,5,2,0,0,1,0,-0.3,2.57,11.57
751,Preston Guilmet,TOR/STL,8,0,10.0,18,13,13,4,8,0,1,0,0,-0.5,2.20,11.70
752,Dillon Maples,CHC,9,0,5.1,7,7,7,5,9,1,0,0,0,-0.3,2.25,11.81
753,Blaine Boyer,KC,21,0,21.2,32,33,29,13,9,2,1,1,1,-1.8,2.08,12.05
754,Johnny Barbato,DET,7,0,6.2,11,9,9,5,2,0,0,0,0,-0.4,2.40,12.15
755,Tyler Kinley,MIN/MIA,13,0,11.0,15,15,15,8,13,0,0,0,0,-0.5,2.09,12.27
 ,Dennis Santana,LAD,1,0,3.2,6,5,5,1,4,1,0,0,0,-0.2,1.91,12.27
757,Kolby Allard,ATL,3,1,8.0,19,12,11,4,3,1,1,0,0,-0.6,2.88,12.38
758,Miguel Gonzalez,CHW,3,3,12.1,24,18,17,6,5,0,3,0,0,-0.7,2.43,12.41
759,Gerson Bautista,NYM,5,0,4.1,8,6,6,5,3,0,1,0,0,-0.3,3.00,12.46
760,Enny Romero,KC/WSH/PIT,8,0,10.0,23,17,14,6,10,0,0,0,0,-0.8,2.90,12.60
761,Jose Valdez,SF,4,0,5.0,8,7,7,1,4,0,0,0,0,-0.2,1.80,12.60
762,Chris Flexen,NYM,4,1,6.1,14,13,9,6,3,0,2,0,0,-0.8,3.16,12.79
763,Evan Phillips,BAL/ATL,9,1,11.2,13,19,17,10,8,0,1,0,0,-0.8,1.97,13.11
764,Hernan Perez,MIL,3,0,3.1,7,5,5,1,2,0,0,0,0,-0.2,2.40,13.50
 ,Ryan LaMarre,CHW/MIN,1,0,0.2,1,1,1,0,0,0,0,0,0,-0.0,1.50,13.50
 ,Bryan Holaday,MIA,2,0,2.0,4,3,3,0,1,0,0,0,0,-0.1,2.00,13.50
 ,Cory Spangenberg,SD,2,0,2.0,4,3,3,3,0,0,0,0,0,-0.1,3.50,13.50
 ,Jen-Ho Tseng,CHC,1,1,2.0,4,3,3,0,3,0,0,0,0,-0.2,2.00,13.50
 ,Scott Kingery,PHI,1,0,1.1,4,2,2,0,0,0,0,0,0,-0.0,3.00,13.50
 ,John Means,BAL,1,0,3.1,6,5,5,0,4,0,0,0,0,-0.2,1.80,13.50
771,Matt Hall,DET,5,0,8.0,19,16,13,3,5,0,0,0,0,0.0,2.75,14.63
 ,Matt Hall,DET,5,0,8.0,19,16,13,3,5,0,0,0,0,-0.6,2.75,14.63
773,Andrew Romine,SEA,3,0,3.0,5,5,5,2,0,0,0,0,0,-0.1,2.33,15.00
774,Luis Ortiz,BAL,2,1,2.1,7,6,4,3,0,0,1,0,0,-0.3,4.29,15.43
775,Kris Medlen,ARI,1,1,4.0,9,7,7,4,4,0,1,0,0,-0.3,3.25,15.75
776,Jose Ramirez,ATL,7,0,6.1,9,12,12,8,7,0,2,0,0,-0.9,2.68,17.05
777,Parker Bridwell,LAA,5,1,6.2,14,13,13,2,3,1,0,0,0,-0.5,2.40,17.55
778,Alexi Ogando,CLE,1,0,1.0,2,2,2,3,1,0,1,0,0,-0.2,5.00,18.00
 ,Jake Smolinski,OAK,1,0,1.0,2,2,2,0,0,0,0,0,0,-0.1,2.00,18.00
 ,Chase Whitley,ATL,1,0,1.0,2,2,2,1,1,0,0,0,0,-0.1,3.00,18.00
 ,Jesus Sucre,TB,2,0,1.0,4,2,2,0,0,0,0,0,0,-0.1,4.00,18.00
 ,Dean Kiekhefer,OAK,4,0,2.0,7,4,4,1,1,0,0,0,0,-0.2,4.00,18.00
 ,Adam McCreery,ATL,1,0,1.0,4,2,2,0,2,0,0,0,0,-0.1,4.00,18.00
784,Jacob Turner,DET/MIA,5,1,6.2,19,17,15,6,3,0,1,0,0,-1.0,3.75,20.25
 ,J.J. Hoover,MIL,2,0,1.1,4,3,3,2,0,0,1,0,1,-0.3,4.50,20.25
 ,Nick Burdi,PIT,2,0,1.1,3,4,3,2,2,0,0,0,0,-0.2,3.75,20.25
787,Eric Stout,KC,3,0,2.1,7,7,6,2,2,0,0,0,0,-0.4,3.86,23.14
788,Tanner Rainey,CIN,8,0,7.0,13,19,19,12,7,0,0,0,0,-1.0,3.57,24.43
789,Buddy Baumann,NYM/SD,4,0,3.1,9,13,10,7,4,0,2,0,0,-0.9,4.80,27.00
 ,Jesmuel Valentin,PHI,1,0,1.0,2,3,3,2,1,0,0,0,0,-0.1,4.00,27.00
791,Chris Gimenez,MIN/CHC,2,0,2.0,8,8,8,1,2,0,0,0,0,-0.3,4.50,36.00
 ,Jace Peterson,BAL/NYY,1,0,1.0,6,4,4,0,1,0,0,0,0,-0.1,6.00,36.00
793,Roman Quinn,PHI,1,0,1.2,6,7,7,2,0,0,0,0,0,-0.2,4.80,37.80
794,Chris Rowley,TOR,2,0,0.2,2,4,3,1,0,0,1,0,0,-0.4,4.50,40.50
795,Willians Astudillo,MIN,1,0,1.0,5,5,5,0,0,0,0,0,0,-0.2,5.00,45.00
796,Jose Reyes,NYM,1,0,1.0,5,6,6,2,0,0,0,0,0,-0.2,7.00,54.00
 ,Drew Butera,KC/COL,1,0,0.1,2,2,2,3,0,0,0,0,0,-0.1,15.00,54.00
 ,Jeremy Bleich,OAK,2,0,0.1,2,2,2,0,1,0,0,0,0,-0.1,6.00,54.00
799,Mike Zagurski,MIL,2,0,1.0,5,7,7,2,2,0,1,0,1,-0.7,7.00,63.00
800,Carlos Gomez,TB,1,0,0.1,0,3,3,4,0,0,0,0,0,-0.1,12.00,81.00
801,Enrique Hernandez,LAD,1,0,0.1,1,3,3,2,0,0,1,0,0,-0.4,9.00,81.00
